"Series","Indicator.Name","value"
"SE.LPV.PRIM","Learning poverty: Share of Children at the End-of-Primary age below minimum reading proficiency adjusted by Out-of-School Children (%)","90.29706"
"SE.LPV.PRIM.1","(De Facto) Share of Children at the End-of-Primary age below minimum reading proficiency adjusted by Out-of-School Children (%)","90.29706"
"SE.LPV.PRIM.BMP","Proficiency by End of Primary","11.28"
"SE.LPV.PRIM.BMP.1","(De Facto) Percent of children proficient in literacy and numeracy by end of primary, as reported by UIS","11.28"
"SE.PRM.ATTD","Student Attendance","75.59691"
"SE.PRM.ATTD.1","(De Facto) Percent of 4th grade students present during an unannounced visit","75.59691"
"SE.PRM.ATTD.1.F","(De Facto) Percent of 4th grade students present during an unannounced visit - Female","73.1985"
"SE.PRM.ATTD.1.M","(De Facto) Percent of 4th grade students present during an unannounced visit - Male","80.39191"
"SE.PRM.ATTD.1.R","(De Facto) Percent of 4th grade students present during an unannounced visit - Rural","67.55439"
"SE.PRM.ATTD.1.U","(De Facto) Percent of 4th grade students present during an unannounced visit - Urban","76.65846"
"SE.PRM.BFIN","Politics & Bureaucratic Capacity - Financing","4.3725"
"SE.PRM.BFIN.1","Financing score; where a score of 1 indicates low effectiveness and 5 indicates high effectiveness in terms of adequacy, efficiency, and equity.","4.3725"
"SE.PRM.BFIN.2","(Financing) - Adequacy expressed by the per child spending","5"
"SE.PRM.BFIN.3","(Financing) Efficiency - Expressed by the score from the Public Expenditure and Financial Accountability (PEFA) assessment; where 0 is the lowest possible efficiency and 1 is the highest","3.48"
"SE.PRM.BFIN.4","(Financing) Efficiency - Expressed by the relationship between financing and outcomes; where 0 is the lowest possible efficiency and 1 is the highest","4.01"
"SE.PRM.BFIN.5","(Financing) - Equity","-999"
"SE.PRM.BIMP","Politics & Bureaucratic Capacity - Impartial Decision-Making","3.225587"
"SE.PRM.BIMP.1","Average score for Impartial Decision-Making; where a score of 1 indicates low effectiveness and 5 indicates high effectiveness","3.225587"
"SE.PRM.BIMP.2","(Impartial Decision-Making) average score for politicized personnel management","2.890374"
"SE.PRM.BIMP.3","(Impartial Decision-Making) average score for politicized policy-making","3.389493"
"SE.PRM.BIMP.4","(Impartial Decision-Making) average score for politicized policy implementation","2.631016"
"SE.PRM.BIMP.5","(Impartial Decision-Making) average score for employee unions as facilitators","4.273743"
"SE.PRM.BMAC","Politics & Bureaucratic Capacity - Mandates & Accountability","3.829301"
"SE.PRM.BMAC.1","Average score for Mandates & Accountability; where a score of 1 indicates low effectiveness and 5 indicates high effectiveness","3.829301"
"SE.PRM.BMAC.2","(Mandates & Accountability) Average score for coherence","3.599638"
"SE.PRM.BMAC.3","(Mandates & Accountability) Average score for transparency","3.956989"
"SE.PRM.BMAC.4","(Mandates & Accountability) Average score for accountability of public officials","3.903226"
"SE.PRM.BNLG","Politics & Bureaucratic Capacity - National Learning Goals","3.439087"
"SE.PRM.BNLG.1","Average score for National Learning Goals; where a score of 1 indicates low effectiveness and 5 indicates high effectiveness","3.439087"
"SE.PRM.BNLG.2","(National Learning Goals) Average score for targeting","3.887097"
"SE.PRM.BNLG.3","(National Learning Goals) Average score for monitoring","3.487522"
"SE.PRM.BNLG.4","(National Learning Goals) Average score for incentives","2.848566"
"SE.PRM.BNLG.5","(National Learning Goals) Average score for community engagement","3.523297"
"SE.PRM.BQBR","Politics & Bureaucratic Capacity - Characteristics of Bureaucracy","3.753525"
"SE.PRM.BQBR.1","Average score for Characteristics of Bureaucracy; where a score of 1 indicates low effectiveness and 5 indicates high effectiveness","3.753525"
"SE.PRM.BQBR.2","(Characteristics of Bureaucracy) average score for knowledge and skills","4.756684"
"SE.PRM.BQBR.3","(Characteristics of Bureaucracy) average score for work environment","3.690731"
"SE.PRM.BQBR.4","(Characteristics of Bureaucracy) average score for merit","3.825312"
"SE.PRM.BQBR.5","(Characteristics of Bureaucracy) average score for motivation and attitudes","3.498916"
"SE.PRM.CONT","Teacher Content Knowledge","7.968624"
"SE.PRM.CONT.1","(De Facto) Percent of teachers proficient in the subjects they teach","7.968624"
"SE.PRM.CONT.1.F","(De Facto) Percent of teachers proficient in the subjects they teach - Female","4.201249"
"SE.PRM.CONT.1.M","(De Facto) Percent of teachers proficient in the subjects they teach - Male","9.913126"
"SE.PRM.CONT.1.R","(De Facto) Percent of teachers proficient in the subjects they teach - Rural","20.27333"
"SE.PRM.CONT.1.U","(De Facto) Percent of teachers proficient in the subjects they teach - Urban","5.53577"
"SE.PRM.CONT.2","(De Facto) Percent of teachers proficient in the subject of language","7.032064"
"SE.PRM.CONT.2.F","(De Facto) Percent of teachers proficient in the subject of language - Female","3.300651"
"SE.PRM.CONT.2.M","(De Facto) Percent of teachers proficient in the subject of language - Male","10.96201"
"SE.PRM.CONT.2.R","(De Facto) Percent of teachers proficient in the subject of language - Rural","19.85205"
"SE.PRM.CONT.2.U","(De Facto) Percent of teachers proficient in the subject of language - Urban","4.124042"
"SE.PRM.CONT.3","(De Facto) Percent of teachers proficient in the subject of mathematics","8.167479"
"SE.PRM.CONT.3.F","(De Facto) Percent of teachers proficient in the subject of mathematics - Female","10.14868"
"SE.PRM.CONT.3.M","(De Facto) Percent of teachers proficient in the subject of mathematics - Male","6.859666"
"SE.PRM.CONT.3.R","(De Facto) Percent of teachers proficient in the subject of mathematics - Rural","15.05974"
"SE.PRM.CONT.3.U","(De Facto) Percent of teachers proficient in the subject of mathematics - Urban","7.252656"
"SE.PRM.EFFT","Teacher Presence","62.07803"
"SE.PRM.EFFT.1","(De Facto) Percent of teachers present in their classrooms, when they are scheduled to be teaching, during an announced visit","57.83784"
"SE.PRM.EFFT.1.F","(De Facto) Percent of teachers present in their classrooms, when they are scheduled to be teaching, during an announced visit - Female","62.51581"
"SE.PRM.EFFT.1.M","(De Facto) Percent of teachers present in their classrooms, when they are scheduled to be teaching, during an announced visit - Male","57.13874"
"SE.PRM.EFFT.1.R","(De Facto) Percent of teachers present in their classrooms, when they are scheduled to be teaching, during an announced visit - Rural","65.85823"
"SE.PRM.EFFT.1.U","(De Facto) Percent of teachers present in their classrooms, when they are scheduled to be teaching, during an announced visit - Urban","55.4136"
"SE.PRM.EFFT.2","(De Facto) Percent of teachers present in their schools during an announced visit","62.07803"
"SE.PRM.EFFT.2.F","(De Facto) Percent of teachers present in their schools during an announced visit - Female","67.04788"
"SE.PRM.EFFT.2.M","(De Facto) Percent of teachers present in their schools during an announced visit - Male","60.79418"
"SE.PRM.EFFT.2.R","(De Facto) Percent of teachers present in their schools during an announced visit - Rural","70.38501"
"SE.PRM.EFFT.2.U","(De Facto) Percent of teachers present in their schools during an announced visit - Urban","59.69679"
"SE.PRM.ILDR","Instructional Leadership","3.869163"
"SE.PRM.ILDR.1","(De Facto) Average score for the presence and quality of instructional leadership","3.869163"
"SE.PRM.ILDR.1.F","(De Facto) Average score for the presence and quality of instructional leadership - Female","4.257634"
"SE.PRM.ILDR.1.M","(De Facto) Average score for the presence and quality of instructional leadership - Male","3.852619"
"SE.PRM.ILDR.1.R","(De Facto) Average score for the presence and quality of instructional leadership - Rural","3.140202"
"SE.PRM.ILDR.1.U","(De Facto) Average score for the presence and quality of instructional leadership - Urban","3.976885"
"SE.PRM.ILDR.2","(De Facto) Percent of teachers reporting having had their class observed","81.88539"
"SE.PRM.ILDR.2.F","(De Facto) Percent of teachers reporting having had their class observed - Female","87.92264"
"SE.PRM.ILDR.2.M","(De Facto) Percent of teachers reporting having had their class observed - Male","81.62652"
"SE.PRM.ILDR.2.R","(De Facto) Percent of teachers reporting having had their class observed - Rural","63.51709"
"SE.PRM.ILDR.2.U","(De Facto) Percent of teachers reporting having had their class observed - Urban","84.81992"
"SE.PRM.ILDR.3","(De Facto) Percent of teachers reporting that the classroom observation happened recently","79.48901"
"SE.PRM.ILDR.3.F","(De Facto) Percent of teachers reporting that the classroom observation happened recently - Female","86.96292"
"SE.PRM.ILDR.3.M","(De Facto) Percent of teachers reporting that the classroom observation happened recently - Male","79.1748"
"SE.PRM.ILDR.3.R","(De Facto) Percent of teachers reporting that the classroom observation happened recently - Rural","63.25233"
"SE.PRM.ILDR.3.U","(De Facto) Percent of teachers reporting that the classroom observation happened recently - Urban","81.98758"
"SE.PRM.ILDR.4","(De Facto) Percent of teachers reporting having discussed the results of the classroom observation","63.90864"
"SE.PRM.ILDR.4.F","(De Facto) Percent of teachers reporting having discussed the results of the classroom observation - Female","64.09595"
"SE.PRM.ILDR.4.M","(De Facto) Percent of teachers reporting having discussed the results of the classroom observation - Male","63.78438"
"SE.PRM.ILDR.4.R","(De Facto) Percent of teachers reporting having discussed the results of the classroom observation - Rural","41.82246"
"SE.PRM.ILDR.4.U","(De Facto) Percent of teachers reporting having discussed the results of the classroom observation - Urban","67.13363"
"SE.PRM.ILDR.5","(De Facto) Percent of teachers reporting that the discussion was over 30 minutes","24.46431"
"SE.PRM.ILDR.5.F","(De Facto) Percent of teachers reporting that the discussion was over 30 minutes - Female","1.383824"
"SE.PRM.ILDR.5.M","(De Facto) Percent of teachers reporting that the discussion was over 30 minutes - Male","25.34112"
"SE.PRM.ILDR.5.R","(De Facto) Percent of teachers reporting that the discussion was over 30 minutes - Rural","21.55837"
"SE.PRM.ILDR.5.U","(De Facto) Percent of teachers reporting that the discussion was over 30 minutes - Urban","25.36637"
"SE.PRM.ILDR.6","(De Facto) Percent of teachers reporting that they were provided with feedback in that discussion","75.17663"
"SE.PRM.ILDR.6.F","(De Facto) Percent of teachers reporting that they were provided with feedback in that discussion - Female","87.27048"
"SE.PRM.ILDR.6.M","(De Facto) Percent of teachers reporting that they were provided with feedback in that discussion - Male","74.69556"
"SE.PRM.ILDR.6.R","(De Facto) Percent of teachers reporting that they were provided with feedback in that discussion - Rural","53.72615"
"SE.PRM.ILDR.6.U","(De Facto) Percent of teachers reporting that they were provided with feedback in that discussion - Urban","78.52575"
"SE.PRM.ILDR.7","(De Facto) Percent of teachers reporting having lesson plans","27.44365"
"SE.PRM.ILDR.7.F","(De Facto) Percent of teachers reporting having lesson plans - Female","16.72399"
"SE.PRM.ILDR.7.M","(De Facto) Percent of teachers reporting having lesson plans - Male","27.88786"
"SE.PRM.ILDR.7.R","(De Facto) Percent of teachers reporting having lesson plans - Rural","49.16097"
"SE.PRM.ILDR.7.U","(De Facto) Percent of teachers reporting having lesson plans - Urban","24.1019"
"SE.PRM.ILDR.8","(De Facto) Percent of teachers reporting that they had discussed their lesson plans with someone else (pricinpal, pedagogical coordinator, another teacher)","76.10906"
"SE.PRM.ILDR.8.F","(De Facto) Percent of teachers reporting that they had discussed their lesson plans with someone else (pricinpal, pedagogical coordinator, another teacher) - Female","97.23108"
"SE.PRM.ILDR.8.M","(De Facto) Percent of teachers reporting that they had discussed their lesson plans with someone else (pricinpal, pedagogical coordinator, another teacher) - Male","75.33216"
"SE.PRM.ILDR.8.R","(De Facto) Percent of teachers reporting that they had discussed their lesson plans with someone else (pricinpal, pedagogical coordinator, another teacher) - Rural","61.36302"
"SE.PRM.ILDR.8.U","(De Facto) Percent of teachers reporting that they had discussed their lesson plans with someone else (pricinpal, pedagogical coordinator, another teacher) - Urban","78.25804"
"SE.PRM.IMON","Policy Lever (Inputs & Infrastructure) - Monitoring","3.396401"
"SE.PRM.IMON.1","(De Facto) Percent of schools that report there is someone monitoring that basic inputs are available to students","0.9309217"
"SE.PRM.IMON.10","(De Jure) Number of basic infrastructure features clearly articulated as needing to be monitored","-999"
"SE.PRM.IMON.2","(De Facto) Percent of schools that report that parents or community members are involved in the monitoring of availability of basic inputs","0.4915112"
"SE.PRM.IMON.3","(De Facto) Percent of schools that report that there is an inventory to monitor availability of basic inputs","1.14731"
"SE.PRM.IMON.4","(De Facto) Percent of schools that report there is someone monitoring that basic infrastructure is available","0.9142302"
"SE.PRM.IMON.5","(De Facto) Percent of schools that report that parents or community members are involved in the monitoring of availability of basic infrastructure","0.8728297"
"SE.PRM.IMON.6","(De Facto) Percent of schools that report that there is an inventory to monitor availability of basic infrastructure","0.9030311"
"SE.PRM.IMON.7","(De Jure) Is the responsibility of monitoring basic inputs clearly articulated in the policies?","-999"
"SE.PRM.IMON.8","(De Jure) Number of basic inputs clearly articulated as needing to be monitored","-999"
"SE.PRM.IMON.9","(De Jure) Is the responsibility of monitoring basic infrastructure clearly articulated in the policies?","-999"
"SE.PRM.IMON.DF","(De Facto) Policy Lever (Inputs & Infrastructure) - Monitoring","3.396401"
"SE.PRM.IMON.DJ","(De Jure) Policy Lever (Inputs & Infrastructure) - Monitoring","-999"
"SE.PRM.INFR","Basic Infrastructure","2.821075"
"SE.PRM.INFR.1","(De Facto) Average number of infrastructure aspects present in schools","2.821075"
"SE.PRM.INFR.1.R","(De Facto) Average number of infrastructure aspects present in schools - Rural","1.469272"
"SE.PRM.INFR.1.U","(De Facto) Average number of infrastructure aspects present in schools - Urban","3.032407"
"SE.PRM.INFR.2","(De Facto) Percent of schools with drinking water","75.12214"
"SE.PRM.INFR.2.R","(De Facto) Percent of schools with drinking water - Rural","36.41046"
"SE.PRM.INFR.2.U","(De Facto) Percent of schools with drinking water - Urban","81.45834"
"SE.PRM.INFR.3","(De Facto) Percent of schools with functioning toilets","47.72867"
"SE.PRM.INFR.3.R","(De Facto) Percent of schools with functioning toilets - Rural","21.83059"
"SE.PRM.INFR.3.U","(De Facto) Percent of schools with functioning toilets - Urban","51.91943"
"SE.PRM.INFR.4","(De Facto) Percent of schools with access to electricity","70.49495"
"SE.PRM.INFR.4.R","(De Facto) Percent of schools with access to electricity - Rural","22.64902"
"SE.PRM.INFR.4.U","(De Facto) Percent of schools with access to electricity - Urban","78.35229"
"SE.PRM.INFR.5","(De Facto) Percent of schools with access to internet","17.86416"
"SE.PRM.INFR.5.R","(De Facto) Percent of schools with access to internet - Rural","7.381765"
"SE.PRM.INFR.5.U","(De Facto) Percent of schools with access to internet - Urban","17.99682"
"SE.PRM.INFR.6","(De Facto) Percent of schools accessible to children with special needs","70.67528"
"SE.PRM.INFR.6.R","(De Facto) Percent of schools accessible to children with special needs - Rural","58.65539"
"SE.PRM.INFR.6.U","(De Facto) Percent of schools accessible to children with special needs - Urban","72.95725"
"SE.PRM.INPT","Basic Inputs","3.103352"
"SE.PRM.INPT.1","(De Facto) Average number of classroom inputs in classrooms","3.103352"
"SE.PRM.INPT.1.R","(De Facto) Average number of classroom inputs in classrooms - Rural","2.444676"
"SE.PRM.INPT.1.U","(De Facto) Average number of classroom inputs in classrooms - Urban","3.199202"
"SE.PRM.INPT.2","(De Facto) Percent of classrooms with a functional blackboard and chalk","87.24291"
"SE.PRM.INPT.2.R","(De Facto) Percent of classrooms with a functional blackboard and chalk - Rural","78.46574"
"SE.PRM.INPT.2.U","(De Facto) Percent of classrooms with a functional blackboard and chalk - Urban",NA
"SE.PRM.INPT.3","(De facto) Percent of classrooms equipped with pens/pencils, textbooks, and exercise books","59.11639"
"SE.PRM.INPT.3.R","(De facto) Percent of classrooms equipped with pens/pencils, textbooks, and exercise books - Rural","41.15861"
"SE.PRM.INPT.3.U","(De facto) Percent of classrooms equipped with pens/pencils, textbooks, and exercise books - Urban","62.63474"
"SE.PRM.INPT.4","(De Facto) Percent of classrooms with basic classroom furniture","96.19097"
"SE.PRM.INPT.4.R","(De Facto) Percent of classrooms with basic classroom furniture - Rural","84.47161"
"SE.PRM.INPT.4.U","(De Facto) Percent of classrooms with basic classroom furniture - Urban","98.92887"
"SE.PRM.INPT.5","(De Facto) Percent of schools with access to EdTech","56.66055"
"SE.PRM.INPT.5.R","(De Facto) Percent of schools with access to EdTech - Rural","17.14288"
"SE.PRM.INPT.5.U","(De Facto) Percent of schools with access to EdTech - Urban","62.75209"
"SE.PRM.ISTD","Policy Lever (Inputs & Infrastructure) - Standards","4.428398"
"SE.PRM.ISTD.1","(De Jure) Is there a policy in place to require that students have access to the prescribed textbooks?","1"
"SE.PRM.ISTD.10","(De Facto) Do you know if there is a policy in place to require that schools have access to drinking water?","89.02655"
"SE.PRM.ISTD.11","(De Jure) Is there a policy in place to require that schools have functioning toilets?","1"
"SE.PRM.ISTD.12","(De Facto) Do you know if there is a policy in place to require that schools have functioning toilets?","97.00992"
"SE.PRM.ISTD.13","(De Jure) Is there a policy in place to require that schools are accessible to children with special needs?","1"
"SE.PRM.ISTD.14","(De Facto) Do you know if there is there a policy in place to require that schools are accessible to children with special needs?","89.1479"
"SE.PRM.ISTD.2","(De Facto) Do you know if there is a policy in place to require that students have access to the prescribed textbooks?","95.53917"
"SE.PRM.ISTD.3","(De Jure) Is there a national connectivity program?","1"
"SE.PRM.ISTD.4","(De Facto) Do you know if there is a national connectivity program?","-999"
"SE.PRM.ISTD.5","(De Jure) Is there a policy in place to require that students have access to PCs, laptops, tablets, and/or other computing devices?","0"
"SE.PRM.ISTD.6","(De Facto) Do you know if there is a policy in place to require that students have access to PCs, laptops, tablets, and/or other computing devices?","69.15837"
"SE.PRM.ISTD.7","(De Jure) Is there a policy in place to require that schools have access to electricity?","1"
"SE.PRM.ISTD.8","(De Facto) Do you know if there is a policy in place to require that schools have access to electricity?","89.11603"
"SE.PRM.ISTD.9","(De Jure) Is there a policy in place to require that schools have access to drinking water?","1"
"SE.PRM.ISTD.DF","(De Facto) Policy Lever (Inputs & Infrastructure) - Standards","4.428398"
"SE.PRM.ISTD.DJ","(De Jure) Policy Lever (Inputs & Infrastructure) - Standards","4.5"
"SE.PRM.LCAP","Student Readiness","35.97459"
"SE.PRM.LCAP.1","(De Facto) Average developmental score for 1st Graders","71.39997"
"SE.PRM.LCAP.1.F","(De Facto) Average developmental score for 1st Graders - Female","72.04749"
"SE.PRM.LCAP.1.M","(De Facto) Average developmental score for 1st Graders - Male","74.15344"
"SE.PRM.LCAP.1.R","(De Facto) Average developmental score for 1st Graders - Rural","57.76348"
"SE.PRM.LCAP.1.U","(De Facto) Average developmental score for 1st Graders - Urban","73.64928"
"SE.PRM.LCAP.2","(De Facto) Average numeracy score for 1st Graders","90.88588"
"SE.PRM.LCAP.2.F","(De Facto) Average numeracy score for 1st Graders - Female","92.18255"
"SE.PRM.LCAP.2.M","(De Facto) Average numeracy score for 1st Graders - Male","92.51315"
"SE.PRM.LCAP.2.R","(De Facto) Average numeracy score for 1st Graders - Rural","79.1303"
"SE.PRM.LCAP.2.U","(De Facto) Average numeracy score for 1st Graders - Urban","92.77027"
"SE.PRM.LCAP.3","(De Facto) Average literacy score for 1st Graders","73.51209"
"SE.PRM.LCAP.3.F","(De Facto) Average literacy score for 1st Graders - Female","74.71413"
"SE.PRM.LCAP.3.M","(De Facto) Average literacy score for 1st Graders - Male","77.08819"
"SE.PRM.LCAP.3.R","(De Facto) Average literacy score for 1st Graders - Rural","62.49618"
"SE.PRM.LCAP.3.U","(De Facto) Average literacy score for 1st Graders - Urban","74.9676"
"SE.PRM.LCAP.4","(De Facto) Average executive funcion score for 1st Graders","66.58425"
"SE.PRM.LCAP.4.F","(De Facto) Average executive funcion score for 1st Graders - Female","63.82688"
"SE.PRM.LCAP.4.M","(De Facto) Average executive funcion score for 1st Graders - Male","69.23252"
"SE.PRM.LCAP.4.R","(De Facto) Average executive funcion score for 1st Graders - Rural","55.75638"
"SE.PRM.LCAP.4.U","(De Facto) Average executive funcion score for 1st Graders - Urban","68.86441"
"SE.PRM.LCAP.5","(De Facto) Average socioemotional score for 1st Graders","54.61768"
"SE.PRM.LCAP.5.F","(De Facto) Average socioemotional score for 1st Graders - Female","57.46641"
"SE.PRM.LCAP.5.M","(De Facto) Average socioemotional score for 1st Graders - Male","57.77989"
"SE.PRM.LCAP.5.R","(De Facto) Average socioemotional score for 1st Graders - Rural","33.67107"
"SE.PRM.LCAP.5.U","(De Facto) Average socioemotional score for 1st Graders - Urban","57.99484"
"SE.PRM.LCBC","Policy Lever (Learners) - Center-Based Care",NA
"SE.PRM.LCBC.1","(De Jure) Is there a policy that guarantees free education for some or all grades and ages included in pre-primary education (for children age 0-83 months)?","1"
"SE.PRM.LCBC.2","(De Facto) Percent of children age 36-59 months who are attending an early childhood education programme",NA
"SE.PRM.LCBC.3","(De Jure) Are there developmental standards established for early childhood care and education?","1"
"SE.PRM.LCBC.4","(De Jure) According to laws and regulations, are there requirement to become an early childhood educator, pre-primary teacher?","3"
"SE.PRM.LCBC.5","(De Jure) According to policy, are ECCE professionals working at public or private centers required to complete in-service training in ECCE service delivery?","0"
"SE.PRM.LCBC.DF","(De Facto) Policy Lever (Learners) - Center-Based Care",NA
"SE.PRM.LCBC.DJ","(De Jure) Policy Lever (Learners) - Center-Based Care","4"
"SE.PRM.LERN","Proficiency on GEPD Assessment","3.979935"
"SE.PRM.LERN.1","(De Facto) Percent of children proficient in literacy and numeracy according to GEPD School Survey","3.979935"
"SE.PRM.LERN.1.F","(De Facto) Percent of children proficient in literacy and numeracy according to GEPD School Survey - Female","3.77917"
"SE.PRM.LERN.1.M","(De Facto) Percent of children proficient in literacy and numeracy according to GEPD School Survey - Male","4.273595"
"SE.PRM.LERN.1.R","(De Facto) Percent of children proficient in literacy and numeracy according to GEPD School Survey - Rural","4.396035"
"SE.PRM.LERN.1.U","(De Facto) Percent of children proficient in literacy and numeracy according to GEPD School Survey - Urban","3.533133"
"SE.PRM.LERN.2","(De Facto) Percent of children proficient in literacy according to GEPD School Survey","7.157397"
"SE.PRM.LERN.2.F","(De Facto) Percent of children proficient in literacy according to GEPD School Survey - Female","7.141188"
"SE.PRM.LERN.2.M","(De Facto) Percent of children proficient in literacy according to GEPD School Survey - Male","7.556601"
"SE.PRM.LERN.2.R","(De Facto) Percent of children proficient in literacy according to GEPD School Survey - Rural","7.331329"
"SE.PRM.LERN.2.U","(De Facto) Percent of children proficient in literacy according to GEPD School Survey - Urban","6.672842"
"SE.PRM.LERN.3","(De Facto) Percent of children proficient in numeracy according to GEPD School Survey","7.070618"
"SE.PRM.LERN.3.F","(De Facto) Percent of children proficient in numeracy according to GEPD School Survey - Female","6.846664"
"SE.PRM.LERN.3.M","(De Facto) Percent of children proficient in numeracy according to GEPD School Survey - Male","7.645763"
"SE.PRM.LERN.3.R","(De Facto) Percent of children proficient in numeracy according to GEPD School Survey - Rural","11.11667"
"SE.PRM.LERN.3.U","(De Facto) Percent of children proficient in numeracy according to GEPD School Survey - Urban","6.089484"
"SE.PRM.LFCP","Policy Lever (Learners) - Caregiver Capacity – Financial Capacity","2.204"
"SE.PRM.LFCP.1","(De Jure) Are anti poverty interventions that focus on ECD publicly supported?",NA
"SE.PRM.LFCP.2","(De Jure) Are cash transfers conditional on ECD services/enrollment publicly supported?","-999"
"SE.PRM.LFCP.3","(De Jure) Are cash transfers focused partially on ECD publicly supported?","-999"
"SE.PRM.LFCP.4","(De Facto) Coverage of social protection programs","30.1"
"SE.PRM.LFCP.DF","(De Facto) Policy Lever (Learners) - Caregiver Capacity – Financial Capacity","2.204"
"SE.PRM.LFCP.DJ","(De Jure) Policy Lever (Learners) - Caregiver Capacity – Financial Capacity",NA
"SE.PRM.LHTH","Policy Lever (Learners) - Health","2.593333"
"SE.PRM.LHTH.1","(De Jure) Are young children required to receive a complete course of childhood immunizations?","1"
"SE.PRM.LHTH.2","(De Facto) Percent of children who at age 24-35 months had received all vaccinations recommended in the national immunization schedule","71"
"SE.PRM.LHTH.3","(De Jure) Is there a policy that assures access to healthcare for young children? Either by offering these services free or by subsidizing them","1"
"SE.PRM.LHTH.4","(De Facto) Percent of  children under 5 covered by health insurance",NA
"SE.PRM.LHTH.5","(De Jure) Are deworming pills funded and distributed by the government?","1"
"SE.PRM.LHTH.6","(De Facto) Percent of children age 6-59 months who received deworming medication","71.28"
"SE.PRM.LHTH.7","(De Jure) Is there a policy that guarantees pregnant women free antenatal visits and skilled delivery?","2"
"SE.PRM.LHTH.8","(De Facto) Percent of women age 15-49 years with a live birth in the last 2 years whose most recent live birth was delivered in a health facility","47.5"
"SE.PRM.LHTH.DF","(De Facto) Policy Lever (Learners) - Health","2.593333"
"SE.PRM.LHTH.DJ","(De Jure) Policy Lever (Learners) - Health","5"
"SE.PRM.LNTN","Policy Lever (Learners) - Nutrition Programs","3.224267"
"SE.PRM.LNTN.1","(De Jure) Does a national policy to encourage salt iodization exist?","1"
"SE.PRM.LNTN.2","(De Facto) Percent of households with salt testing positive for any iodide among households","85.6"
"SE.PRM.LNTN.3","(De Jure) Does a national policy exist to encourage iron fortification of staples like wheat, maize, or rice?","1"
"SE.PRM.LNTN.4","(De Facto) Percent of children age 6–23 months who had at least the minimum dietary diversity and the minimum meal frequency during the previous day","13.5"
"SE.PRM.LNTN.5","(De Jure) Does a national policy exist to encourage breastfeeding?","1"
"SE.PRM.LNTN.6","(De Facto) Percent of children born in the five (three) years preceding the survey who were ever breastfed","95.5"
"SE.PRM.LNTN.7","(De Jure) Is there a publicly funded school feeding program?","0"
"SE.PRM.LNTN.8","(De Facto) Percent of schools reporting having publicly funded school feeding program","27.8267"
"SE.PRM.LNTN.DF","(De Facto) Policy Lever (Learners) - Nutrition Programs","3.224267"
"SE.PRM.LNTN.DJ","(De Jure) Policy Lever (Learners) - Nutrition Programs","4"
"SE.PRM.LSKC","Policy Lever (Learners) - Caregiver Capacity – Skills Capacity",NA
"SE.PRM.LSKC.1","(De Jure) Does the government offer programs that aim to share good parenting practices with caregivers?","0"
"SE.PRM.LSKC.2","(De Jure) Are any of the following publicly-supported delivery channels used to reach families in order to promote early childhood stimulation? Home visits, Group sessions, Community health programs, Health center waiting rooms, School-based groups, Mass media/Information campaigns","1"
"SE.PRM.LSKC.3","(De Facto) Percent of children under age 5 who have three or more children’s books","-999"
"SE.PRM.LSKC.4","(De Facto) Percent of children age 24-59 months engaged in four or more activities to provide early stimulation and responsive care in the last 3 days with any adult in the household",NA
"SE.PRM.LSKC.DF","(De Facto) Policy Lever (Learners) - Caregiver Capacity – Skills Capacity",NA
"SE.PRM.LSKC.DJ","(De Jure) Policy Lever (Learners) - Caregiver Capacity – Skills Capacity","2"
"SE.PRM.OPMN","Operational Management","3.796824"
"SE.PRM.OPMN.1","(De Facto) Average score for the presence and quality of core operational management functions","3.796824"
"SE.PRM.OPMN.1.F","(De Facto) Average score for the presence and quality of core operational management functions - Female","3.816092"
"SE.PRM.OPMN.1.M","(De Facto) Average score for the presence and quality of core operational management functions - Male","3.792995"
"SE.PRM.OPMN.1.R","(De Facto) Average score for the presence and quality of core operational management functions - Rural","3.753424"
"SE.PRM.OPMN.1.U","(De Facto) Average score for the presence and quality of core operational management functions - Urban","3.786258"
"SE.PRM.OPMN.2","(De Facto) Average score for infrastructure repair/maintenance","3.71099"
"SE.PRM.OPMN.2.F","(De Facto) Average score for infrastructure repair/maintenance - Female","3.957862"
"SE.PRM.OPMN.2.M","(De Facto) Average score for infrastructure repair/maintenance - Male","3.698786"
"SE.PRM.OPMN.2.R","(De Facto) Average score for infrastructure repair/maintenance - Rural","3.604947"
"SE.PRM.OPMN.2.U","(De Facto) Average score for infrastructure repair/maintenance - Urban","3.702725"
"SE.PRM.OPMN.3","(De Facto) Average score for ensuring  availability of school inputs","3.882658"
"SE.PRM.OPMN.3.F","(De Facto) Average score for ensuring  availability of school inputs - Female","3.674322"
"SE.PRM.OPMN.3.M","(De Facto) Average score for ensuring  availability of school inputs - Male","3.887204"
"SE.PRM.OPMN.3.R","(De Facto) Average score for ensuring  availability of school inputs - Rural","3.9019"
"SE.PRM.OPMN.3.U","(De Facto) Average score for ensuring  availability of school inputs - Urban","3.869791"
"SE.PRM.PEDG","Teacher Pedagogical Skills","18.8654"
"SE.PRM.PEDG.1","(De Facto) Percent of teachers with good pedagogical skills (3 or above on Teach overall score)","18.8654"
"SE.PRM.PEDG.1.F","(De Facto) Percent of teachers with good pedagogical skills (3 or above on Teach overall score) - Female",NA
"SE.PRM.PEDG.1.M","(De Facto) Percent of teachers with good pedagogical skills (3 or above on Teach overall score) - Male",NA
"SE.PRM.PEDG.1.R","(De Facto) Percent of teachers with good pedagogical skills (3 or above on Teach overall score) - Rural","2.644993"
"SE.PRM.PEDG.1.U","(De Facto) Percent of teachers with good pedagogical skills (3 or above on Teach overall score) - Urban","24.58375"
"SE.PRM.PEDG.2","(De Facto) Percent of teachers with good classroom culture practices (3 or above on Teach Classroom Culture score)","50.81335"
"SE.PRM.PEDG.2.F","(De Facto) Percent of teachers with good classroom culture practices (3 or above on Teach Classroom Culture score) - Female",NA
"SE.PRM.PEDG.2.M","(De Facto) Percent of teachers with good classroom culture practices (3 or above on Teach Classroom Culture score) - Male",NA
"SE.PRM.PEDG.2.R","(De Facto) Percent of teachers with good classroom culture practices (3 or above on Teach Classroom Culture score) - Rural","46.46726"
"SE.PRM.PEDG.2.U","(De Facto) Percent of teachers with good classroom culture practices (3 or above on Teach Classroom Culture score) - Urban","47.25071"
"SE.PRM.PEDG.3","(De Facto) Percent of teachers with good instruction practices (3 or above on Teach Instruction score)","35.25411"
"SE.PRM.PEDG.3.F","(De Facto) Percent of teachers with good instruction practices (3 or above on Teach Instruction score) - Female",NA
"SE.PRM.PEDG.3.M","(De Facto) Percent of teachers with good instruction practices (3 or above on Teach Instruction score) - Male",NA
"SE.PRM.PEDG.3.R","(De Facto) Percent of teachers with good instruction practices (3 or above on Teach Instruction score) - Rural","14.00941"
"SE.PRM.PEDG.3.U","(De Facto) Percent of teachers with good instruction practices (3 or above on Teach Instruction score) - Urban","46.16934"
"SE.PRM.PEDG.4","(De Facto) Percent of teachers with good practices on socioemotional skills (3 or above on Teach Socioemotional Skills score)","7.224903"
"SE.PRM.PEDG.4.F","(De Facto) Percent of teachers with good practices on socioemotional skills (3 or above on Teach Socioemotional Skills score) - Female",NA
"SE.PRM.PEDG.4.M","(De Facto) Percent of teachers with good practices on socioemotional skills (3 or above on Teach Socioemotional Skills score) - Male",NA
"SE.PRM.PEDG.4.R","(De Facto) Percent of teachers with good practices on socioemotional skills (3 or above on Teach Socioemotional Skills score) - Rural","2.69195"
"SE.PRM.PEDG.4.U","(De Facto) Percent of teachers with good practices on socioemotional skills (3 or above on Teach Socioemotional Skills score) - Urban","4.512328"
"SE.PRM.PKNW","Principal School Knowledge","3.237753"
"SE.PRM.PKNW.1","(De Facto) Average score for the extent to which principals are familiar with certain key aspects of the day-to-day workings of the school","3.237753"
"SE.PRM.PKNW.1.F","(De Facto) Average score for the extent to which principals are familiar with certain key aspects of the day-to-day workings of the school - Female","3.66319"
"SE.PRM.PKNW.1.M","(De Facto) Average score for the extent to which principals are familiar with certain key aspects of the day-to-day workings of the school - Male","3.221899"
"SE.PRM.PKNW.1.R","(De Facto) Average score for the extent to which principals are familiar with certain key aspects of the day-to-day workings of the school - Rural","3.454103"
"SE.PRM.PKNW.1.U","(De Facto) Average score for the extent to which principals are familiar with certain key aspects of the day-to-day workings of the school - Urban","3.176431"
"SE.PRM.PKNW.2","(De Facto) Percent of principals familiar with teachers' content knowledge","62.90963"
"SE.PRM.PKNW.2.F","(De Facto) Percent of principals familiar with teachers' content knowledge - Female","68.13148"
"SE.PRM.PKNW.2.M","(De Facto) Percent of principals familiar with teachers' content knowledge - Male","62.73888"
"SE.PRM.PKNW.2.R","(De Facto) Percent of principals familiar with teachers' content knowledge - Rural","72.55162"
"SE.PRM.PKNW.2.U","(De Facto) Percent of principals familiar with teachers' content knowledge - Urban","61.18151"
"SE.PRM.PKNW.3","(De Facto) Percent of principals familiar with teachers' experience","99.91798"
"SE.PRM.PKNW.3.F","(De Facto) Percent of principals familiar with teachers' experience - Female","100"
"SE.PRM.PKNW.3.M","(De Facto) Percent of principals familiar with teachers' experience - Male","99.91505"
"SE.PRM.PKNW.3.R","(De Facto) Percent of principals familiar with teachers' experience - Rural","99.4453"
"SE.PRM.PKNW.3.U","(De Facto) Percent of principals familiar with teachers' experience - Urban","100"
"SE.PRM.PKNW.4","(De Facto) Percent of principals familiar with availability of classroom inputs","67.88518"
"SE.PRM.PKNW.4.F","(De Facto) Percent of principals familiar with availability of classroom inputs - Female","82.77933"
"SE.PRM.PKNW.4.M","(De Facto) Percent of principals familiar with availability of classroom inputs - Male","67.28903"
"SE.PRM.PKNW.4.R","(De Facto) Percent of principals familiar with availability of classroom inputs - Rural","63.18878"
"SE.PRM.PKNW.4.U","(De Facto) Percent of principals familiar with availability of classroom inputs - Urban","68.0457"
"SE.PRM.PMAN","Principal Management Skills","4.258703"
"SE.PRM.PMAN.1","(De Facto) Average score for the extent to which principals master two key managerial skills - problem-solving in the short-term, and goal-setting in the long term","4.258703"
"SE.PRM.PMAN.1.F","(De Facto) Average score for the extent to which principals master two key managerial skills - problem-solving in the short-term, and goal-setting in the long term - Female","3.989015"
"SE.PRM.PMAN.1.M","(De Facto) Average score for the extent to which principals master two key managerial skills - problem-solving in the short-term, and goal-setting in the long term - Male","4.269398"
"SE.PRM.PMAN.1.R","(De Facto) Average score for the extent to which principals master two key managerial skills - problem-solving in the short-term, and goal-setting in the long term - Rural","3.621812"
"SE.PRM.PMAN.1.U","(De Facto) Average score for the extent to which principals master two key managerial skills - problem-solving in the short-term, and goal-setting in the long term - Urban","4.371836"
"SE.PRM.PMAN.2","(De Facto) Average score for the extent to which principals master problem-solving in the short-term","4.422819"
"SE.PRM.PMAN.2.F","(De Facto) Average score for the extent to which principals master problem-solving in the short-term - Female","4.38511"
"SE.PRM.PMAN.2.M","(De Facto) Average score for the extent to which principals master problem-solving in the short-term - Male","4.422083"
"SE.PRM.PMAN.2.R","(De Facto) Average score for the extent to which principals master problem-solving in the short-term - Rural","3.780418"
"SE.PRM.PMAN.2.U","(De Facto) Average score for the extent to which principals master problem-solving in the short-term - Urban","4.525915"
"SE.PRM.PMAN.3","(De Facto) Average score for the extent to which principals master goal-setting in the long term","4.094587"
"SE.PRM.PMAN.3.F","(De Facto) Average score for the extent to which principals master goal-setting in the long term - Female","3.59292"
"SE.PRM.PMAN.3.M","(De Facto) Average score for the extent to which principals master goal-setting in the long term - Male","4.116713"
"SE.PRM.PMAN.3.R","(De Facto) Average score for the extent to which principals master goal-setting in the long term - Rural","3.463206"
"SE.PRM.PMAN.3.U","(De Facto) Average score for the extent to which principals master goal-setting in the long term - Urban","4.217757"
"SE.PRM.PROE","Proficiency by Grade 2/3","-999"
"SE.PRM.PROE.1","(De Facto) Percent of children proficient in literacy and numeracy by grade 2/3, as reported by UIS","-999"
"SE.PRM.SATT","Policy Lever (School Management) - Attraction","4.502354"
"SE.PRM.SATT.1","(De Jure) Do the national policies governing the education system portray the position of principal or head teacher as professionalized and distinct figure within schools?","1"
"SE.PRM.SATT.2","(De Facto) Average principal salary as percent of GDP per capita","3.507413"
"SE.PRM.SATT.3","(De Facto) Percent of principals reporting being satisfied or very satisfied with their social status in the community","4.18614"
"SE.PRM.SATT.DF","(De Facto) Policy Lever (School Management) - Attraction","4.502354"
"SE.PRM.SATT.DJ","(De Jure) Policy Lever (School Management) - Attraction","5"
"SE.PRM.SCFN","Policy Lever (School Management) - Clarity of Functions","4.996659"
"SE.PRM.SCFN.1","(De Facto) Do you know if the policies governing schools assign responsibility for the implementation of the maintenance and expansion of school infrastructure?","99.60125"
"SE.PRM.SCFN.10","(De Jure) Do the policies governing schools assign the responsibility of student learning assessments?","1"
"SE.PRM.SCFN.11","(De Facto) Do you know if the policies governing schools assign responsibility for the implementation of principal hiring and assignment?","100"
"SE.PRM.SCFN.12","(De Jure) Do the policies governing schools assign the responsibility of principal hiring and assignment?","1"
"SE.PRM.SCFN.13","(De Facto) Do you know if the policies governing schools assign responsibility for the implementation of principal supervision and training?","100"
"SE.PRM.SCFN.14","(De Jure) Do the policies governing schools assign the responsibility of principal supervision and training?","1"
"SE.PRM.SCFN.2","(De Jure) Do the policies governing schools assign the responsibility of maintenance and expansion of school infrastructure?","1"
"SE.PRM.SCFN.3","(De Facto) Do you know if the policies governing schools assign responsibility for the implementation of the procurement of materials?","99.86525"
"SE.PRM.SCFN.4","(De Jure) Do the policies governing schools assign the responsibility of procurement of materials?","1"
"SE.PRM.SCFN.5","(De Facto) Do you know if the policies governing schools assign responsibility for the implementation of teacher hiring and assignment?","99.86525"
"SE.PRM.SCFN.6","(De Jure) Do the policies governing schools assign the responsibility of teacher hiring and assignment?","1"
"SE.PRM.SCFN.7","(De Facto) Do you know if the policies governing schools assign responsibility for the implementation of teacher supervision, training, and coaching?","100"
"SE.PRM.SCFN.8","(De Jure) Do the policies governing schools assign the responsibility of teacher supervision, training, and coaching?","1"
"SE.PRM.SCFN.9","(De Facto) Do you know if the policies governing schools assign responsibility for the implementation of student learning assessments?","100"
"SE.PRM.SCFN.DF","(De Facto) Policy Lever (School Management) - Clarity of Functions","4.996659"
"SE.PRM.SCFN.DJ","(De Jure) Policy Lever (School Management) - Clarity of Functions","5"
"SE.PRM.SEVL","Policy Lever (School Management) - Evaluation","4.692603"
"SE.PRM.SEVL.1","(De Jure) Is there a policy that specifies the need to monitor principal or head teacher performance?","1"
"SE.PRM.SEVL.2","(De Jure) Is the criteria to evaluate principals clear and includes multiple factors?","3"
"SE.PRM.SEVL.3","(De Facto) Percent of principals that report having been evaluated  during the last school year","95.99351"
"SE.PRM.SEVL.4","(De Facto) Percent of principals that report having been evaluated on multiple factors","95.52139"
"SE.PRM.SEVL.5","(De Facto) Percent of principals that report there would be consequences after two negative evaluations","61.88453"
"SE.PRM.SEVL.6","(De Facto) Percent of principals that report there would be consequences after two positive evaluations","60.09188"
"SE.PRM.SEVL.DF","(De Facto) Policy Lever (School Management) - Evaluation","4.692603"
"SE.PRM.SEVL.DJ","(De Jure) Policy Lever (School Management) - Evaluation","5"
"SE.PRM.SSLD","Policy Lever (School Management) - Selection & Deployment","4.66003"
"SE.PRM.SSLD.1","(De Jure) Is there a systematic approach/rubric for the selection of principals?","1"
"SE.PRM.SSLD.10","(De Facto) Percent of principals that report that the most important factor considered when selecting a principal is years of experience","22.06495"
"SE.PRM.SSLD.11","(De Facto) Percent of principals that report that the most important factor considered when selecting a principal is quality of teaching","5.582527"
"SE.PRM.SSLD.12","(De Facto) Percent of principals that report that the most important factor considered when selecting a principal is demonstrated management qualities","68.18053"
"SE.PRM.SSLD.13","(De Facto) Percent of principals that report that the most important factor considered when selecting a principal is having a good relationship with the owner of the school","0.3875827"
"SE.PRM.SSLD.14","(De Facto) Percent of principals that report that the most important factor considered when selecting a principal is political affiliations","1.501265"
"SE.PRM.SSLD.15","(De Facto) Percent of principals that report that the most important factor considered when selecting a principal is ethnic group","0"
"SE.PRM.SSLD.16","(De Facto) Percent of principals that report that the most important factor considered when selecting a principal is knowledge of the local community","2.155963"
"SE.PRM.SSLD.2","(De Jure) How are the principals selected? Based on the requirements, is the selection system meritocratic?","4"
"SE.PRM.SSLD.3","(De Facto) Percent of principals that report that the factors considered when selecting a principal include years of experience","99.93063"
"SE.PRM.SSLD.4","(De Facto)  Percent of principals that report that the factors considered when selecting a principal include quality of teaching","80.6828"
"SE.PRM.SSLD.5","(De Facto) Percent of principals that report that the factors considered when selecting a principal include demonstrated management qualities","98.43651"
"SE.PRM.SSLD.6","(De Facto) Percent of principals that report that the factors considered when selecting a principal include good relationship with the owner of the school","27.77491"
"SE.PRM.SSLD.7","(De Facto) Percent of principals that report that the factors considered when selecting a principal include political affiliations","27.47229"
"SE.PRM.SSLD.8","(De Facto) Percent of principals that report that the factors considered when selecting a principal include ethnic group","-999"
"SE.PRM.SSLD.9","(De Facto) Percent of principals that report that the factors considered when selecting a principal include knowledge of the local community","73.15899"
"SE.PRM.SSLD.DF","(De Facto) Policy Lever (School Management) - Selection & Deployment","4.66003"
"SE.PRM.SSLD.DJ","(De Jure) Policy Lever (School Management) - Selection & Deployment","4.4"
"SE.PRM.SSUP","Policy Lever (School Management) - Support","3.170904"
"SE.PRM.SSUP.1","(De Jure) Are principals required to have training on how to manage a school?","1"
"SE.PRM.SSUP.10","(De Facto) Percent of principals that report having used the skills they gained at the last training they attended","99.94876"
"SE.PRM.SSUP.11","(De Facto) Average number of trainings that principals report having been offered to them in the past year","2.007555"
"SE.PRM.SSUP.2","(De Jure) Are principals required to have management training for new principals?","1"
"SE.PRM.SSUP.3","(De Jure) Are principals required to have in-service training?","1"
"SE.PRM.SSUP.4","(De Jure) Are principals required to have mentoring/coaching by experienced principals?","0"
"SE.PRM.SSUP.5","(De Jure) How many times per year do principals have trainings?","1"
"SE.PRM.SSUP.6","(De Facto) Percent of principals that report ever having received formal training","73.96298"
"SE.PRM.SSUP.7","(De Facto) Percent of principals that report having received management training for new principals","54.55888"
"SE.PRM.SSUP.8","(De Facto) Percent of principals that report having received in-service training","68.86182"
"SE.PRM.SSUP.9","(De Facto) Percent of principals that report having received mentoring/coaching by experienced principals","59.88941"
"SE.PRM.SSUP.DF","(De Facto) Policy Lever (School Management) - Support","3.170904"
"SE.PRM.SSUP.DJ","(De Jure) Policy Lever (School Management) - Support","4.333333"
"SE.PRM.TATT","Policy Lever (Teaching) - Attraction","3.619848"
"SE.PRM.TATT.1","(De Jure) Average starting public-school teacher salary as percent of GDP per capita","128.3722"
"SE.PRM.TATT.2","(De Facto) Percent of teachers reporting being satisfied or very satisfied with their social status in the community","82.70763"
"SE.PRM.TATT.3","(De Facto) Percent of teachers reporting being satisfied or very satisfied with their job as teacher","86.67651"
"SE.PRM.TATT.4","(De Facto) Percent of teachers reporting having received financial bonuses in addition to their salaries","11.35192"
"SE.PRM.TATT.5","(De Facto) Percent of teachers reporting that there are incentives (financial or otherwise) for teachers to teach certain subjects/grades and/or in certain areas","0.3395045"
"SE.PRM.TATT.6","(De Facto) Percent of teachers that performance matters for promotions","49.28522"
"SE.PRM.TATT.7","(De Jure) Is there a well-established career path for teachers?","-999"
"SE.PRM.TATT.8","(De Facto) Percent of teachers that report salary delays in the past 12 months","35.06134"
"SE.PRM.TATT.DF","(De Facto) Policy Lever (Teaching) - Attraction","3.619848"
"SE.PRM.TATT.DJ","(De Jure) Policy Lever (Teaching) - Attraction","5"
"SE.PRM.TENR","Net Adjusted Enrollment Rate","85.19824"
"SE.PRM.TENR.1","(De Facto) Percent of primary school age children who are enrolled at primary education","85.19824"
"SE.PRM.TEVL","Policy Lever (Teaching) - Evaluation","4.064883"
"SE.PRM.TEVL.1","(De Jure) Legislation assigns responsibility of evaluating the performance of teachers to a public authority (national, regional, local)","0"
"SE.PRM.TEVL.2","(De Jure) Legislation assigns responsibility of evaluating the performance of teachers to the schools","0"
"SE.PRM.TEVL.3","(De Facto) Percent of teachers that report being evaluated in the past 12 months","75.98325"
"SE.PRM.TEVL.4","(De Jure) The criteria to evaluate teachers is clear","0.8"
"SE.PRM.TEVL.5","(De Facto) Number of criteria used to evaluate teachers","3.368982"
"SE.PRM.TEVL.6","(De Facto) Percent of teachers that report there would be consequences after two negative evaluations","98.32736"
"SE.PRM.TEVL.7","(De Facto) Percent of teachers that report there would be consequences after two positive evaluations","90.41247"
"SE.PRM.TEVL.8","(De Jure) There are clear consequences for teachers who receive two or more negative evaluations","1"
"SE.PRM.TEVL.9","(De Jure) There are clear consequences for teachers who receive two or more positive evaluations","0"
"SE.PRM.TEVL.DF","(De Facto) Policy Lever (Teaching) - Evaluation","4.064883"
"SE.PRM.TEVL.DJ","(De Jure) Policy Lever (Teaching) - Evaluation","2.4"
"SE.PRM.TINM","Policy Lever (Teaching) - Intrinsic Motivation","3.490099"
"SE.PRM.TINM.1","(De Facto) Percent of teachers that agree or strongly agrees with ""It is acceptable for a teacher to be absent if the assigned curriculum has been completed""","17.47594"
"SE.PRM.TINM.10","(De Facto) Percent of teachers that agree or strongly agrees with ""Students can change even their basic intelligence level considerably""","89.03979"
"SE.PRM.TINM.11","(De Facto) Percent of teachers who state that intrinsic motivation was the main reason to become teachers","0.7149235"
"SE.PRM.TINM.12","(De Facto) New teachers are required to undergo a probationary period","0.3955452"
"SE.PRM.TINM.13","(De Jure) New teachers are required to undergo a probationary period","1"
"SE.PRM.TINM.2","(De Facto) Percent of teachers that agree or strongly agrees with ""It is acceptable for a teacher to be absent if students are left with work to do""","4.102231"
"SE.PRM.TINM.3","(De Facto) Percent of teachers that agree or strongly agrees with ""It is acceptable for a teacher to be absent if the teacher is doing something useful for the community""","9.577773"
"SE.PRM.TINM.4","(De Facto) Percent of teachers that agree or strongly agrees with ""Students deserve more attention if they attend school regularly""","64.60067"
"SE.PRM.TINM.5","(De Facto) Percent of teachers that agree or strongly agrees with ""Students deserve more attention if they come to school with materials""","60.92776"
"SE.PRM.TINM.6","(De Facto) Percent of teachers that agree or strongly agrees with ""Students deserve more attention if they are motivated to learn""","67.98536"
"SE.PRM.TINM.7","(De Facto) Percent of teachers that agree or strongly agrees with ""Students have a certain amount of intelligence and they really can’t do much to change it""","21.88339"
"SE.PRM.TINM.8","(De Facto) Percent of teachers that agree or strongly agrees with ""To be honest, students can’t really change how intelligent they are""","37.62399"
"SE.PRM.TINM.9","(De Facto) Percent of teachers that agree or strongly agrees with ""Students can always substantially change how intelligent they are""","82.03814"
"SE.PRM.TINM.DF","(De Facto) Policy Lever (Teaching) - Intrinsic Motivation","3.490099"
"SE.PRM.TINM.DJ","(De Jure) Policy Lever (Teaching) - Intrinsic Motivation","5"
"SE.PRM.TMNA","Policy Lever (Teaching) - Monitoring & Accountability","3.068008"
"SE.PRM.TMNA.1","(De Jure) Information on teacher presence/absenteeism is being collected on a regular basis","0"
"SE.PRM.TMNA.2","(De Jure) Teachers receive monetary compensation for being present","0"
"SE.PRM.TMNA.3","(De Facto) Teacher report receiving monetary compensation (aside from salary) for being present","3.529423"
"SE.PRM.TMNA.4","(De Facto) Percent of teachers that report having been absent because of administrative processes","22.58577"
"SE.PRM.TMNA.5","(De Facto) Percent of teachers that report that there would be consequences for being absent 40% of the time","80.34419"
"SE.PRM.TMNA.DF","(De Facto) Policy Lever (Teaching) - Monitoring & Accountability","3.068008"
"SE.PRM.TMNA.DJ","(De Jure) Policy Lever (Teaching) - Monitoring & Accountability","1"
"SE.PRM.TSDP","Policy Lever (Teaching) - Selection & Deployment","3.960461"
"SE.PRM.TSDP.1","(De Jure) Requirements to enter into initial education programs","3"
"SE.PRM.TSDP.2","(De Facto) Average quality of applicants accepted into initial education programs","-999"
"SE.PRM.TSDP.3","(De Jure) Requirements to become a primary school teacher","2"
"SE.PRM.TSDP.4","(De Facto) Requirements to become a primary school teacher","1.741424"
"SE.PRM.TSDP.5","(De Jure) Requirements to fulfill a transfer request","3"
"SE.PRM.TSDP.6","(De Facto) Requirements to fulfill a transfer request","1.219036"
"SE.PRM.TSDP.7","(De Jure) Selectivity of teacher hiring process","-999"
"SE.PRM.TSDP.DF","(De Facto) Policy Lever (Teaching) - Selection & Deployment","3.960461"
"SE.PRM.TSDP.DJ","(De Jure) Policy Lever (Teaching) - Selection & Deployment","2.666667"
"SE.PRM.TSUP","Policy Lever (Teaching) - Support","2.838024"
"SE.PRM.TSUP.1","(De Jure) Practicum required as part of pre-service training","1"
"SE.PRM.TSUP.2","(De Facto) Percent reporting they completed a practicum as part of pre-service training","45.27669"
"SE.PRM.TSUP.3","(De Facto) Percent of teachers reporting that they participated in an induction and/or mentorship program","56.05859"
"SE.PRM.TSUP.4","(De Jure) Participation in professional development has professional implications for teachers","1"
"SE.PRM.TSUP.5","(De Facto) Percent of teachers reporting having attended in-service trainings in the past 12 months","25.50987"
"SE.PRM.TSUP.6","(De Facto) Average length of the trainings attended","7.427372"
"SE.PRM.TSUP.7","(De Facto) Average span of time (in weeks) of those trainings","1.575669"
"SE.PRM.TSUP.8","(De Facto) Average percent of time spent inside the classrooms during the trainings","51.02601"
"SE.PRM.TSUP.9","(De Facto) Percent of teachers that report having opportunities to come together with other teachers to discuss ways of improving teaching","76.30405"
"SE.PRM.TSUP.DF","(De Facto) Policy Lever (Teaching) - Support","2.838024"
"SE.PRM.TSUP.DJ","(De Jure) Policy Lever (Teaching) - Support","5"
