Series,Indicator.Name,value
SE.LPV.PRIM,Learning poverty: Share of Children at the End-of-Primary age below minimum reading proficiency adjusted by Out-of-School Children (%),96.7203
SE.LPV.PRIM.1,(De Facto) Share of Children at the End-of-Primary age below minimum reading proficiency adjusted by Out-of-School Children (%),96.7203
SE.LPV.PRIM.BMP,Proficiency by End of Primary,4.199997
SE.LPV.PRIM.BMP.1,"(De Facto) Percent of children proficient in literacy and numeracy by end of primary, as reported by UIS",4.199997
SE.PRM.ATTD,Student Attendance,NA
SE.PRM.ATTD.1,(De Facto) Percent of 4th grade students present during an unannounced visit,NA
SE.PRM.ATTD.1.F,(De Facto) Percent of 4th grade students present during an unannounced visit - Female,NA
SE.PRM.ATTD.1.M,(De Facto) Percent of 4th grade students present during an unannounced visit - Male,NA
SE.PRM.ATTD.1.R,(De Facto) Percent of 4th grade students present during an unannounced visit - Rural,NA
SE.PRM.ATTD.1.U,(De Facto) Percent of 4th grade students present during an unannounced visit - Urban,NA
SE.PRM.BFIN,Politics & Bureaucratic Capacity - Financing,4.310976
SE.PRM.BFIN.1,"Financing score; where a score of 1 indicates low effectiveness and 5 indicates high effectiveness in terms of adequacy, efficiency, and equity.",4.310976
SE.PRM.BFIN.2,(Financing) - Adequacy expressed by the per child spending,5
SE.PRM.BFIN.3,(Financing) Efficiency - Expressed by the score from the Public Expenditure and Financial Accountability (PEFA) assessment; where 0 is the lowest possible efficiency and 1 is the highest,4.1518
SE.PRM.BFIN.4,(Financing) Efficiency - Expressed by the relationship between financing and outcomes; where 0 is the lowest possible efficiency and 1 is the highest,3.092105
SE.PRM.BFIN.5,(Financing) - Equity,-999
SE.PRM.BIMP,Politics & Bureaucratic Capacity - Impartial Decision-Making,NA
SE.PRM.BIMP.1,Average score for Impartial Decision-Making; where a score of 1 indicates low effectiveness and 5 indicates high effectiveness,NA
SE.PRM.BIMP.2,(Impartial Decision-Making) average score for politicized personnel management,NA
SE.PRM.BIMP.3,(Impartial Decision-Making) average score for politicized policy-making,NA
SE.PRM.BIMP.4,(Impartial Decision-Making) average score for politicized policy implementation,NA
SE.PRM.BIMP.5,(Impartial Decision-Making) average score for employee unions as facilitators,NA
SE.PRM.BMAC,Politics & Bureaucratic Capacity - Mandates & Accountability,NA
SE.PRM.BMAC.1,Average score for Mandates & Accountability; where a score of 1 indicates low effectiveness and 5 indicates high effectiveness,NA
SE.PRM.BMAC.2,(Mandates & Accountability) Average score for coherence,NA
SE.PRM.BMAC.3,(Mandates & Accountability) Average score for transparency,NA
SE.PRM.BMAC.4,(Mandates & Accountability) Average score for accountability of public officials,NA
SE.PRM.BNLG,Politics & Bureaucratic Capacity - National Learning Goals,NA
SE.PRM.BNLG.1,Average score for National Learning Goals; where a score of 1 indicates low effectiveness and 5 indicates high effectiveness,NA
SE.PRM.BNLG.2,(National Learning Goals) Average score for targeting,NA
SE.PRM.BNLG.3,(National Learning Goals) Average score for monitoring,NA
SE.PRM.BNLG.4,(National Learning Goals) Average score for incentives,NA
SE.PRM.BNLG.5,(National Learning Goals) Average score for community engagement,NA
SE.PRM.BQBR,Politics & Bureaucratic Capacity - Characteristics of Bureaucracy,NA
SE.PRM.BQBR.1,Average score for Characteristics of Bureaucracy; where a score of 1 indicates low effectiveness and 5 indicates high effectiveness,NA
SE.PRM.BQBR.2,(Characteristics of Bureaucracy) average score for knowledge and skills,NA
SE.PRM.BQBR.3,(Characteristics of Bureaucracy) average score for work environment,NA
SE.PRM.BQBR.4,(Characteristics of Bureaucracy) average score for merit,NA
SE.PRM.BQBR.5,(Characteristics of Bureaucracy) average score for motivation and attitudes,NA
SE.PRM.CONT,Teacher Content Knowledge,0.2674834
SE.PRM.CONT.1,(De Facto) Percent of teachers proficient in the subjects they teach,0.2674834
SE.PRM.CONT.1.F,(De Facto) Percent of teachers proficient in the subjects they teach - Female,NA
SE.PRM.CONT.1.M,(De Facto) Percent of teachers proficient in the subjects they teach - Male,NA
SE.PRM.CONT.1.R,(De Facto) Percent of teachers proficient in the subjects they teach - Rural,0.2438375
SE.PRM.CONT.1.U,(De Facto) Percent of teachers proficient in the subjects they teach - Urban,0.3104264
SE.PRM.CONT.2,(De Facto) Percent of teachers proficient in the subject of language,0.2275079
SE.PRM.CONT.2.F,(De Facto) Percent of teachers proficient in the subject of language - Female,NA
SE.PRM.CONT.2.M,(De Facto) Percent of teachers proficient in the subject of language - Male,NA
SE.PRM.CONT.2.R,(De Facto) Percent of teachers proficient in the subject of language - Rural,0.06162433
SE.PRM.CONT.2.U,(De Facto) Percent of teachers proficient in the subject of language - Urban,0.5287658
SE.PRM.CONT.3,(De Facto) Percent of teachers proficient in the subject of mathematics,2.082986
SE.PRM.CONT.3.F,(De Facto) Percent of teachers proficient in the subject of mathematics - Female,NA
SE.PRM.CONT.3.M,(De Facto) Percent of teachers proficient in the subject of mathematics - Male,NA
SE.PRM.CONT.3.R,(De Facto) Percent of teachers proficient in the subject of mathematics - Rural,1.975786
SE.PRM.CONT.3.U,(De Facto) Percent of teachers proficient in the subject of mathematics - Urban,2.27767
SE.PRM.EFFT,Teacher Presence,48.91603
SE.PRM.EFFT.1,"(De Facto) Percent of teachers present in their classrooms, when they are scheduled to be teaching, during an announced visit",37.87087
SE.PRM.EFFT.1.F,"(De Facto) Percent of teachers present in their classrooms, when they are scheduled to be teaching, during an announced visit - Female",42.01664
SE.PRM.EFFT.1.M,"(De Facto) Percent of teachers present in their classrooms, when they are scheduled to be teaching, during an announced visit - Male",34.27597
SE.PRM.EFFT.1.R,"(De Facto) Percent of teachers present in their classrooms, when they are scheduled to be teaching, during an announced visit - Rural",37.33044
SE.PRM.EFFT.1.U,"(De Facto) Percent of teachers present in their classrooms, when they are scheduled to be teaching, during an announced visit - Urban",38.85468
SE.PRM.EFFT.2,(De Facto) Percent of teachers present in their schools during an announced visit,48.91603
SE.PRM.EFFT.2.F,(De Facto) Percent of teachers present in their schools during an announced visit - Female,52.00422
SE.PRM.EFFT.2.M,(De Facto) Percent of teachers present in their schools during an announced visit - Male,50.26566
SE.PRM.EFFT.2.R,(De Facto) Percent of teachers present in their schools during an announced visit - Rural,48.45572
SE.PRM.EFFT.2.U,(De Facto) Percent of teachers present in their schools during an announced visit - Urban,49.75397
SE.PRM.ILDR,Instructional Leadership,2.719874
SE.PRM.ILDR.1,(De Facto) Average score for the presence and quality of instructional leadership,2.719874
SE.PRM.ILDR.1.F,(De Facto) Average score for the presence and quality of instructional leadership - Female,NA
SE.PRM.ILDR.1.M,(De Facto) Average score for the presence and quality of instructional leadership - Male,NA
SE.PRM.ILDR.1.R,(De Facto) Average score for the presence and quality of instructional leadership - Rural,2.711874
SE.PRM.ILDR.1.U,(De Facto) Average score for the presence and quality of instructional leadership - Urban,2.734404
SE.PRM.ILDR.2,(De Facto) Percent of teachers reporting having had their class observed,62.15023
SE.PRM.ILDR.2.F,(De Facto) Percent of teachers reporting having had their class observed - Female,NA
SE.PRM.ILDR.2.M,(De Facto) Percent of teachers reporting having had their class observed - Male,NA
SE.PRM.ILDR.2.R,(De Facto) Percent of teachers reporting having had their class observed - Rural,65.50315
SE.PRM.ILDR.2.U,(De Facto) Percent of teachers reporting having had their class observed - Urban,56.06106
SE.PRM.ILDR.3,(De Facto) Percent of teachers reporting that the classroom observation happened recently,47.71466
SE.PRM.ILDR.3.F,(De Facto) Percent of teachers reporting that the classroom observation happened recently - Female,NA
SE.PRM.ILDR.3.M,(De Facto) Percent of teachers reporting that the classroom observation happened recently - Male,NA
SE.PRM.ILDR.3.R,(De Facto) Percent of teachers reporting that the classroom observation happened recently - Rural,51.0251
SE.PRM.ILDR.3.U,(De Facto) Percent of teachers reporting that the classroom observation happened recently - Urban,41.70264
SE.PRM.ILDR.4,(De Facto) Percent of teachers reporting having discussed the results of the classroom observation,37.93148
SE.PRM.ILDR.4.F,(De Facto) Percent of teachers reporting having discussed the results of the classroom observation - Female,NA
SE.PRM.ILDR.4.M,(De Facto) Percent of teachers reporting having discussed the results of the classroom observation - Male,NA
SE.PRM.ILDR.4.R,(De Facto) Percent of teachers reporting having discussed the results of the classroom observation - Rural,38.32749
SE.PRM.ILDR.4.U,(De Facto) Percent of teachers reporting having discussed the results of the classroom observation - Urban,37.2123
SE.PRM.ILDR.5,(De Facto) Percent of teachers reporting that the discussion was over 30 minutes,23.86917
SE.PRM.ILDR.5.F,(De Facto) Percent of teachers reporting that the discussion was over 30 minutes - Female,NA
SE.PRM.ILDR.5.M,(De Facto) Percent of teachers reporting that the discussion was over 30 minutes - Male,NA
SE.PRM.ILDR.5.R,(De Facto) Percent of teachers reporting that the discussion was over 30 minutes - Rural,24.6359
SE.PRM.ILDR.5.U,(De Facto) Percent of teachers reporting that the discussion was over 30 minutes - Urban,22.57699
SE.PRM.ILDR.6,(De Facto) Percent of teachers reporting that they were provided with feedback in that discussion,43.22997
SE.PRM.ILDR.6.F,(De Facto) Percent of teachers reporting that they were provided with feedback in that discussion - Female,NA
SE.PRM.ILDR.6.M,(De Facto) Percent of teachers reporting that they were provided with feedback in that discussion - Male,NA
SE.PRM.ILDR.6.R,(De Facto) Percent of teachers reporting that they were provided with feedback in that discussion - Rural,44.95151
SE.PRM.ILDR.6.U,(De Facto) Percent of teachers reporting that they were provided with feedback in that discussion - Urban,40.10353
SE.PRM.ILDR.7,(De Facto) Percent of teachers reporting having lesson plans,48.883
SE.PRM.ILDR.7.F,(De Facto) Percent of teachers reporting having lesson plans - Female,NA
SE.PRM.ILDR.7.M,(De Facto) Percent of teachers reporting having lesson plans - Male,NA
SE.PRM.ILDR.7.R,(De Facto) Percent of teachers reporting having lesson plans - Rural,54.67125
SE.PRM.ILDR.7.U,(De Facto) Percent of teachers reporting having lesson plans - Urban,38.37107
SE.PRM.ILDR.8,"(De Facto) Percent of teachers reporting that they had discussed their lesson plans with someone else (pricinpal, pedagogical coordinator, another teacher)",9.178191
SE.PRM.ILDR.8.F,"(De Facto) Percent of teachers reporting that they had discussed their lesson plans with someone else (pricinpal, pedagogical coordinator, another teacher) - Female",NA
SE.PRM.ILDR.8.M,"(De Facto) Percent of teachers reporting that they had discussed their lesson plans with someone else (pricinpal, pedagogical coordinator, another teacher) - Male",NA
SE.PRM.ILDR.8.R,"(De Facto) Percent of teachers reporting that they had discussed their lesson plans with someone else (pricinpal, pedagogical coordinator, another teacher) - Rural",8.729036
SE.PRM.ILDR.8.U,"(De Facto) Percent of teachers reporting that they had discussed their lesson plans with someone else (pricinpal, pedagogical coordinator, another teacher) - Urban",9.864737
SE.PRM.IMON,Policy Lever (Inputs & Infrastructure) - Monitoring,2.057707
SE.PRM.IMON.1,(De Facto) Percent of schools that report there is someone monitoring that basic inputs are available to students,0.5722384
SE.PRM.IMON.10,(De Jure) Number of basic infrastructure features clearly articulated as needing to be monitored,-999
SE.PRM.IMON.2,(De Facto) Percent of schools that report that parents or community members are involved in the monitoring of availability of basic inputs,0.5234614
SE.PRM.IMON.3,(De Facto) Percent of schools that report that there is an inventory to monitor availability of basic inputs,2.148297
SE.PRM.IMON.4,(De Facto) Percent of schools that report there is someone monitoring that basic infrastructure is available,1.584252
SE.PRM.IMON.5,(De Facto) Percent of schools that report that parents or community members are involved in the monitoring of availability of basic infrastructure,0.4262483
SE.PRM.IMON.6,(De Facto) Percent of schools that report that there is an inventory to monitor availability of basic infrastructure,0.5925277
SE.PRM.IMON.7,(De Jure) Is the responsibility of monitoring basic inputs clearly articulated in the policies?,-999
SE.PRM.IMON.8,(De Jure) Number of basic inputs clearly articulated as needing to be monitored,-999
SE.PRM.IMON.9,(De Jure) Is the responsibility of monitoring basic infrastructure clearly articulated in the policies?,-999
SE.PRM.IMON.DF,(De Facto) Policy Lever (Inputs & Infrastructure) - Monitoring,2.057707
SE.PRM.IMON.DJ,(De Jure) Policy Lever (Inputs & Infrastructure) - Monitoring,-999
SE.PRM.INFR,Basic Infrastructure,1.716352
SE.PRM.INFR.1,(De Facto) Average number of infrastructure aspects present in schools,1.716352
SE.PRM.INFR.1.R,(De Facto) Average number of infrastructure aspects present in schools - Rural,1.365035
SE.PRM.INFR.1.U,(De Facto) Average number of infrastructure aspects present in schools - Urban,2.161279
SE.PRM.INFR.2,(De Facto) Percent of schools with drinking water,49.7491
SE.PRM.INFR.2.R,(De Facto) Percent of schools with drinking water - Rural,34.12438
SE.PRM.INFR.2.U,(De Facto) Percent of schools with drinking water - Urban,69.53707
SE.PRM.INFR.3,(De Facto) Percent of schools with functioning toilets,7.895494
SE.PRM.INFR.3.R,(De Facto) Percent of schools with functioning toilets - Rural,4.240525
SE.PRM.INFR.3.U,(De Facto) Percent of schools with functioning toilets - Urban,12.52434
SE.PRM.INFR.4,(De Facto) Percent of schools with access to electricity,17.99538
SE.PRM.INFR.4.R,(De Facto) Percent of schools with access to electricity - Rural,2.607194
SE.PRM.INFR.4.U,(De Facto) Percent of schools with access to electricity - Urban,37.48382
SE.PRM.INFR.5,(De Facto) Percent of schools with access to internet,0.4244696
SE.PRM.INFR.5.R,(De Facto) Percent of schools with access to internet - Rural,0
SE.PRM.INFR.5.U,(De Facto) Percent of schools with access to internet - Urban,0.9620408
SE.PRM.INFR.6,(De Facto) Percent of schools accessible to children with special needs,95.57077
SE.PRM.INFR.6.R,(De Facto) Percent of schools accessible to children with special needs - Rural,95.53142
SE.PRM.INFR.6.U,(De Facto) Percent of schools accessible to children with special needs - Urban,95.6206
SE.PRM.INPT,Basic Inputs,1.340176
SE.PRM.INPT.1,(De Facto) Average number of classroom inputs in classrooms,1.340176
SE.PRM.INPT.1.R,(De Facto) Average number of classroom inputs in classrooms - Rural,1.128796
SE.PRM.INPT.1.U,(De Facto) Average number of classroom inputs in classrooms - Urban,1.685639
SE.PRM.INPT.2,(De Facto) Percent of classrooms with a functional blackboard and chalk,83.21751
SE.PRM.INPT.2.R,(De Facto) Percent of classrooms with a functional blackboard and chalk - Rural,76.32721
SE.PRM.INPT.2.U,(De Facto) Percent of classrooms with a functional blackboard and chalk - Urban,NA
SE.PRM.INPT.3,"(De facto) Percent of classrooms equipped with pens/pencils, textbooks, and exercise books",16.37508
SE.PRM.INPT.3.R,"(De facto) Percent of classrooms equipped with pens/pencils, textbooks, and exercise books - Rural",9.809226
SE.PRM.INPT.3.U,"(De facto) Percent of classrooms equipped with pens/pencils, textbooks, and exercise books - Urban",27.55085
SE.PRM.INPT.4,(De Facto) Percent of classrooms with basic classroom furniture,NA
SE.PRM.INPT.4.R,(De Facto) Percent of classrooms with basic classroom furniture - Rural,NA
SE.PRM.INPT.4.U,(De Facto) Percent of classrooms with basic classroom furniture - Urban,NA
SE.PRM.INPT.5,(De Facto) Percent of schools with access to EdTech,2.849369
SE.PRM.INPT.5.R,(De Facto) Percent of schools with access to EdTech - Rural,0.5705228
SE.PRM.INPT.5.U,(De Facto) Percent of schools with access to EdTech - Urban,6.573739
SE.PRM.ISTD,Policy Lever (Inputs & Infrastructure) - Standards,2.444987
SE.PRM.ISTD.1,(De Jure) Is there a policy in place to require that students have access to the prescribed textbooks?,1
SE.PRM.ISTD.10,(De Facto) Do you know if there is a policy in place to require that schools have access to drinking water?,44.89629
SE.PRM.ISTD.11,(De Jure) Is there a policy in place to require that schools have functioning toilets?,1
SE.PRM.ISTD.12,(De Facto) Do you know if there is a policy in place to require that schools have functioning toilets?,54.94361
SE.PRM.ISTD.13,(De Jure) Is there a policy in place to require that schools are accessible to children with special needs?,1
SE.PRM.ISTD.14,(De Facto) Do you know if there is there a policy in place to require that schools are accessible to children with special needs?,54.82793
SE.PRM.ISTD.2,(De Facto) Do you know if there is a policy in place to require that students have access to the prescribed textbooks?,45.84855
SE.PRM.ISTD.3,(De Jure) Is there a national connectivity program?,0
SE.PRM.ISTD.4,(De Facto) Do you know if there is a national connectivity program?,-999
SE.PRM.ISTD.5,"(De Jure) Is there a policy in place to require that students have access to PCs, laptops, tablets, and/or other computing devices?",0
SE.PRM.ISTD.6,"(De Facto) Do you know if there is a policy in place to require that students have access to PCs, laptops, tablets, and/or other computing devices?",55.97922
SE.PRM.ISTD.7,(De Jure) Is there a policy in place to require that schools have access to electricity?,1
SE.PRM.ISTD.8,(De Facto) Do you know if there is a policy in place to require that schools have access to electricity?,53.68375
SE.PRM.ISTD.9,(De Jure) Is there a policy in place to require that schools have access to drinking water?,1
SE.PRM.ISTD.DF,(De Facto) Policy Lever (Inputs & Infrastructure) - Standards,2.444987
SE.PRM.ISTD.DJ,(De Jure) Policy Lever (Inputs & Infrastructure) - Standards,4
SE.PRM.LCAP,Student Readiness,5.409513
SE.PRM.LCAP.1,(De Facto) Average developmental score for 1st Graders,51.08798
SE.PRM.LCAP.1.F,(De Facto) Average developmental score for 1st Graders - Female,48.31632
SE.PRM.LCAP.1.M,(De Facto) Average developmental score for 1st Graders - Male,54.19318
SE.PRM.LCAP.1.R,(De Facto) Average developmental score for 1st Graders - Rural,47.01067
SE.PRM.LCAP.1.U,(De Facto) Average developmental score for 1st Graders - Urban,58.59845
SE.PRM.LCAP.2,(De Facto) Average numeracy score for 1st Graders,68.4555
SE.PRM.LCAP.2.F,(De Facto) Average numeracy score for 1st Graders - Female,67.08578
SE.PRM.LCAP.2.M,(De Facto) Average numeracy score for 1st Graders - Male,71.08666
SE.PRM.LCAP.2.R,(De Facto) Average numeracy score for 1st Graders - Rural,63.55481
SE.PRM.LCAP.2.U,(De Facto) Average numeracy score for 1st Graders - Urban,77.48266
SE.PRM.LCAP.3,(De Facto) Average literacy score for 1st Graders,43.34198
SE.PRM.LCAP.3.F,(De Facto) Average literacy score for 1st Graders - Female,40.99352
SE.PRM.LCAP.3.M,(De Facto) Average literacy score for 1st Graders - Male,46.08301
SE.PRM.LCAP.3.R,(De Facto) Average literacy score for 1st Graders - Rural,38.52951
SE.PRM.LCAP.3.U,(De Facto) Average literacy score for 1st Graders - Urban,52.20664
SE.PRM.LCAP.4,(De Facto) Average executive funcion score for 1st Graders,51.78551
SE.PRM.LCAP.4.F,(De Facto) Average executive funcion score for 1st Graders - Female,46.88417
SE.PRM.LCAP.4.M,(De Facto) Average executive funcion score for 1st Graders - Male,57.57564
SE.PRM.LCAP.4.R,(De Facto) Average executive funcion score for 1st Graders - Rural,49.68508
SE.PRM.LCAP.4.U,(De Facto) Average executive funcion score for 1st Graders - Urban,55.65453
SE.PRM.LCAP.5,(De Facto) Average socioemotional score for 1st Graders,40.76891
SE.PRM.LCAP.5.F,(De Facto) Average socioemotional score for 1st Graders - Female,38.30182
SE.PRM.LCAP.5.M,(De Facto) Average socioemotional score for 1st Graders - Male,42.02741
SE.PRM.LCAP.5.R,(De Facto) Average socioemotional score for 1st Graders - Rural,36.27327
SE.PRM.LCAP.5.U,(De Facto) Average socioemotional score for 1st Graders - Urban,49.04997
SE.PRM.LCBC,Policy Lever (Learners) - Center-Based Care,1.596
SE.PRM.LCBC.1,(De Jure) Is there a policy that guarantees free education for some or all grades and ages included in pre-primary education (for children age 0-83 months)?,1
SE.PRM.LCBC.2,(De Facto) Percent of children age 36-59 months who are attending an early childhood education programme,14.9
SE.PRM.LCBC.3,(De Jure) Are there developmental standards established for early childhood care and education?,1
SE.PRM.LCBC.4,"(De Jure) According to laws and regulations, are there requirement to become an early childhood educator, pre-primary teacher?",3
SE.PRM.LCBC.5,"(De Jure) According to policy, are ECCE professionals working at public or private centers required to complete in-service training in ECCE service delivery?",0
SE.PRM.LCBC.DF,(De Facto) Policy Lever (Learners) - Center-Based Care,1.596
SE.PRM.LCBC.DJ,(De Jure) Policy Lever (Learners) - Center-Based Care,4
SE.PRM.LERN,Proficiency on GEPD Assessment,3.816612
SE.PRM.LERN.1,(De Facto) Percent of children proficient in literacy and numeracy according to GEPD School Survey,3.816612
SE.PRM.LERN.1.F,(De Facto) Percent of children proficient in literacy and numeracy according to GEPD School Survey - Female,4.756118
SE.PRM.LERN.1.M,(De Facto) Percent of children proficient in literacy and numeracy according to GEPD School Survey - Male,3.126424
SE.PRM.LERN.1.R,(De Facto) Percent of children proficient in literacy and numeracy according to GEPD School Survey - Rural,1.076728
SE.PRM.LERN.1.U,(De Facto) Percent of children proficient in literacy and numeracy according to GEPD School Survey - Urban,8.294468
SE.PRM.LERN.2,(De Facto) Percent of children proficient in literacy according to GEPD School Survey,4.687441
SE.PRM.LERN.2.F,(De Facto) Percent of children proficient in literacy according to GEPD School Survey - Female,6.009422
SE.PRM.LERN.2.M,(De Facto) Percent of children proficient in literacy according to GEPD School Survey - Male,3.889592
SE.PRM.LERN.2.R,(De Facto) Percent of children proficient in literacy according to GEPD School Survey - Rural,0.7660322
SE.PRM.LERN.2.U,(De Facto) Percent of children proficient in literacy according to GEPD School Survey - Urban,11.09629
SE.PRM.LERN.3,(De Facto) Percent of children proficient in numeracy according to GEPD School Survey,3.806162
SE.PRM.LERN.3.F,(De Facto) Percent of children proficient in numeracy according to GEPD School Survey - Female,4.344867
SE.PRM.LERN.3.M,(De Facto) Percent of children proficient in numeracy according to GEPD School Survey - Male,4.356384
SE.PRM.LERN.3.R,(De Facto) Percent of children proficient in numeracy according to GEPD School Survey - Rural,1.840187
SE.PRM.LERN.3.U,(De Facto) Percent of children proficient in numeracy according to GEPD School Survey - Urban,7.019201
SE.PRM.LFCP,Policy Lever (Learners) - Caregiver Capacity – Financial Capacity,1.04
SE.PRM.LFCP.1,(De Jure) Are anti poverty interventions that focus on ECD publicly supported?,1
SE.PRM.LFCP.2,(De Jure) Are cash transfers conditional on ECD services/enrollment publicly supported?,-999
SE.PRM.LFCP.3,(De Jure) Are cash transfers focused partially on ECD publicly supported?,-999
SE.PRM.LFCP.4,(De Facto) Coverage of social protection programs,1
SE.PRM.LFCP.DF,(De Facto) Policy Lever (Learners) - Caregiver Capacity – Financial Capacity,1.04
SE.PRM.LFCP.DJ,(De Jure) Policy Lever (Learners) - Caregiver Capacity – Financial Capacity,3
SE.PRM.LHTH,Policy Lever (Learners) - Health,2.409333
SE.PRM.LHTH.1,(De Jure) Are young children required to receive a complete course of childhood immunizations?,1
SE.PRM.LHTH.2,(De Facto) Percent of children who at age 24-35 months had received all vaccinations recommended in the national immunization schedule,66
SE.PRM.LHTH.3,(De Jure) Is there a policy that assures access to healthcare for young children? Either by offering these services free or by subsidizing them,1
SE.PRM.LHTH.4,(De Facto) Percent of  children under 5 covered by health insurance,2
SE.PRM.LHTH.5,(De Jure) Are deworming pills funded and distributed by the government?,1
SE.PRM.LHTH.6,(De Facto) Percent of children age 6-59 months who received deworming medication,100
SE.PRM.LHTH.7,(De Jure) Is there a policy that guarantees pregnant women free antenatal visits and skilled delivery?,1
SE.PRM.LHTH.8,(De Facto) Percent of women age 15-49 years with a live birth in the last 2 years whose most recent live birth was delivered in a health facility,38.7
SE.PRM.LHTH.DF,(De Facto) Policy Lever (Learners) - Health,2.409333
SE.PRM.LHTH.DJ,(De Jure) Policy Lever (Learners) - Health,4.333333
SE.PRM.LNTN,Policy Lever (Learners) - Nutrition Programs,3.549333
SE.PRM.LNTN.1,(De Jure) Does a national policy to encourage salt iodization exist?,1
SE.PRM.LNTN.2,(De Facto) Percent of households with salt testing positive for any iodide among households,68.4
SE.PRM.LNTN.3,"(De Jure) Does a national policy exist to encourage iron fortification of staples like wheat, maize, or rice?",0.75
SE.PRM.LNTN.4,(De Facto) Percent of children age 6–23 months who had at least the minimum dietary diversity and the minimum meal frequency during the previous day,24.7
SE.PRM.LNTN.5,(De Jure) Does a national policy exist to encourage breastfeeding?,1
SE.PRM.LNTN.6,(De Facto) Percent of children born in the five (three) years preceding the survey who were ever breastfed,98.1
SE.PRM.LNTN.7,(De Jure) Is there a publicly funded school feeding program?,1
SE.PRM.LNTN.8,(De Facto) Percent of schools reporting having publicly funded school feeding program,NA
SE.PRM.LNTN.DF,(De Facto) Policy Lever (Learners) - Nutrition Programs,3.549333
SE.PRM.LNTN.DJ,(De Jure) Policy Lever (Learners) - Nutrition Programs,4.75
SE.PRM.LSKC,Policy Lever (Learners) - Caregiver Capacity – Skills Capacity,1.5214
SE.PRM.LSKC.1,(De Jure) Does the government offer programs that aim to share good parenting practices with caregivers?,1
SE.PRM.LSKC.2,"(De Jure) Are any of the following publicly-supported delivery channels used to reach families in order to promote early childhood stimulation? Home visits, Group sessions, Community health programs, Health center waiting rooms, School-based groups, Mass media/Information campaigns",2
SE.PRM.LSKC.3,(De Facto) Percent of children under age 5 who have three or more children’s books,1.47
SE.PRM.LSKC.4,(De Facto) Percent of children age 24-59 months engaged in four or more activities to provide early stimulation and responsive care in the last 3 days with any adult in the household,24.6
SE.PRM.LSKC.DF,(De Facto) Policy Lever (Learners) - Caregiver Capacity – Skills Capacity,1.5214
SE.PRM.LSKC.DJ,(De Jure) Policy Lever (Learners) - Caregiver Capacity – Skills Capacity,5
SE.PRM.OPMN,Operational Management,2.349313
SE.PRM.OPMN.1,(De Facto) Average score for the presence and quality of core operational management functions,2.349313
SE.PRM.OPMN.1.F,(De Facto) Average score for the presence and quality of core operational management functions - Female,NA
SE.PRM.OPMN.1.M,(De Facto) Average score for the presence and quality of core operational management functions - Male,NA
SE.PRM.OPMN.1.R,(De Facto) Average score for the presence and quality of core operational management functions - Rural,NA
SE.PRM.OPMN.1.U,(De Facto) Average score for the presence and quality of core operational management functions - Urban,2.497593
SE.PRM.OPMN.2,(De Facto) Average score for infrastructure repair/maintenance,3.807787
SE.PRM.OPMN.2.F,(De Facto) Average score for infrastructure repair/maintenance - Female,NA
SE.PRM.OPMN.2.M,(De Facto) Average score for infrastructure repair/maintenance - Male,NA
SE.PRM.OPMN.2.R,(De Facto) Average score for infrastructure repair/maintenance - Rural,3.716741
SE.PRM.OPMN.2.U,(De Facto) Average score for infrastructure repair/maintenance - Urban,3.983166
SE.PRM.OPMN.3,(De Facto) Average score for ensuring  availability of school inputs,3.405067
SE.PRM.OPMN.3.F,(De Facto) Average score for ensuring  availability of school inputs - Female,NA
SE.PRM.OPMN.3.M,(De Facto) Average score for ensuring  availability of school inputs - Male,NA
SE.PRM.OPMN.3.R,(De Facto) Average score for ensuring  availability of school inputs - Rural,NA
SE.PRM.OPMN.3.U,(De Facto) Average score for ensuring  availability of school inputs - Urban,3.639839
SE.PRM.PEDG,Teacher Pedagogical Skills,NA
SE.PRM.PEDG.1,(De Facto) Percent of teachers with good pedagogical skills (3 or above on Teach overall score),NA
SE.PRM.PEDG.1.F,(De Facto) Percent of teachers with good pedagogical skills (3 or above on Teach overall score) - Female,NA
SE.PRM.PEDG.1.M,(De Facto) Percent of teachers with good pedagogical skills (3 or above on Teach overall score) - Male,NA
SE.PRM.PEDG.1.R,(De Facto) Percent of teachers with good pedagogical skills (3 or above on Teach overall score) - Rural,NA
SE.PRM.PEDG.1.U,(De Facto) Percent of teachers with good pedagogical skills (3 or above on Teach overall score) - Urban,NA
SE.PRM.PEDG.2,(De Facto) Percent of teachers with good classroom culture practices (3 or above on Teach Classroom Culture score),NA
SE.PRM.PEDG.2.F,(De Facto) Percent of teachers with good classroom culture practices (3 or above on Teach Classroom Culture score) - Female,NA
SE.PRM.PEDG.2.M,(De Facto) Percent of teachers with good classroom culture practices (3 or above on Teach Classroom Culture score) - Male,NA
SE.PRM.PEDG.2.R,(De Facto) Percent of teachers with good classroom culture practices (3 or above on Teach Classroom Culture score) - Rural,NA
SE.PRM.PEDG.2.U,(De Facto) Percent of teachers with good classroom culture practices (3 or above on Teach Classroom Culture score) - Urban,NA
SE.PRM.PEDG.3,(De Facto) Percent of teachers with good instruction practices (3 or above on Teach Instruction score),NA
SE.PRM.PEDG.3.F,(De Facto) Percent of teachers with good instruction practices (3 or above on Teach Instruction score) - Female,NA
SE.PRM.PEDG.3.M,(De Facto) Percent of teachers with good instruction practices (3 or above on Teach Instruction score) - Male,NA
SE.PRM.PEDG.3.R,(De Facto) Percent of teachers with good instruction practices (3 or above on Teach Instruction score) - Rural,NA
SE.PRM.PEDG.3.U,(De Facto) Percent of teachers with good instruction practices (3 or above on Teach Instruction score) - Urban,NA
SE.PRM.PEDG.4,(De Facto) Percent of teachers with good practices on socioemotional skills (3 or above on Teach Socioemotional Skills score),NA
SE.PRM.PEDG.4.F,(De Facto) Percent of teachers with good practices on socioemotional skills (3 or above on Teach Socioemotional Skills score) - Female,NA
SE.PRM.PEDG.4.M,(De Facto) Percent of teachers with good practices on socioemotional skills (3 or above on Teach Socioemotional Skills score) - Male,NA
SE.PRM.PEDG.4.R,(De Facto) Percent of teachers with good practices on socioemotional skills (3 or above on Teach Socioemotional Skills score) - Rural,NA
SE.PRM.PEDG.4.U,(De Facto) Percent of teachers with good practices on socioemotional skills (3 or above on Teach Socioemotional Skills score) - Urban,NA
SE.PRM.PKNW,Principal School Knowledge,3.40058
SE.PRM.PKNW.1,(De Facto) Average score for the extent to which principals are familiar with certain key aspects of the day-to-day workings of the school,3.40058
SE.PRM.PKNW.1.F,(De Facto) Average score for the extent to which principals are familiar with certain key aspects of the day-to-day workings of the school - Female,NA
SE.PRM.PKNW.1.M,(De Facto) Average score for the extent to which principals are familiar with certain key aspects of the day-to-day workings of the school - Male,NA
SE.PRM.PKNW.1.R,(De Facto) Average score for the extent to which principals are familiar with certain key aspects of the day-to-day workings of the school - Rural,3.07532
SE.PRM.PKNW.1.U,(De Facto) Average score for the extent to which principals are familiar with certain key aspects of the day-to-day workings of the school - Urban,3.93216
SE.PRM.PKNW.2,(De Facto) Percent of principals familiar with teachers' content knowledge,72.17463
SE.PRM.PKNW.2.F,(De Facto) Percent of principals familiar with teachers' content knowledge - Female,NA
SE.PRM.PKNW.2.M,(De Facto) Percent of principals familiar with teachers' content knowledge - Male,NA
SE.PRM.PKNW.2.R,(De Facto) Percent of principals familiar with teachers' content knowledge - Rural,62.62184
SE.PRM.PKNW.2.U,(De Facto) Percent of principals familiar with teachers' content knowledge - Urban,87.90169
SE.PRM.PKNW.3,(De Facto) Percent of principals familiar with teachers' experience,93.04115
SE.PRM.PKNW.3.F,(De Facto) Percent of principals familiar with teachers' experience - Female,NA
SE.PRM.PKNW.3.M,(De Facto) Percent of principals familiar with teachers' experience - Male,NA
SE.PRM.PKNW.3.R,(De Facto) Percent of principals familiar with teachers' experience - Rural,94.6522
SE.PRM.PKNW.3.U,(De Facto) Percent of principals familiar with teachers' experience - Urban,90.40817
SE.PRM.PKNW.4,(De Facto) Percent of principals familiar with availability of classroom inputs,62.64822
SE.PRM.PKNW.4.F,(De Facto) Percent of principals familiar with availability of classroom inputs - Female,NA
SE.PRM.PKNW.4.M,(De Facto) Percent of principals familiar with availability of classroom inputs - Male,NA
SE.PRM.PKNW.4.R,(De Facto) Percent of principals familiar with availability of classroom inputs - Rural,59.27947
SE.PRM.PKNW.4.U,(De Facto) Percent of principals familiar with availability of classroom inputs - Urban,68.19429
SE.PRM.PMAN,Principal Management Skills,3.45536
SE.PRM.PMAN.1,"(De Facto) Average score for the extent to which principals master two key managerial skills - problem-solving in the short-term, and goal-setting in the long term",3.45536
SE.PRM.PMAN.1.F,"(De Facto) Average score for the extent to which principals master two key managerial skills - problem-solving in the short-term, and goal-setting in the long term - Female",NA
SE.PRM.PMAN.1.M,"(De Facto) Average score for the extent to which principals master two key managerial skills - problem-solving in the short-term, and goal-setting in the long term - Male",NA
SE.PRM.PMAN.1.R,"(De Facto) Average score for the extent to which principals master two key managerial skills - problem-solving in the short-term, and goal-setting in the long term - Rural",3.331963
SE.PRM.PMAN.1.U,"(De Facto) Average score for the extent to which principals master two key managerial skills - problem-solving in the short-term, and goal-setting in the long term - Urban",3.694872
SE.PRM.PMAN.2,(De Facto) Average score for the extent to which principals master problem-solving in the short-term,3.81258
SE.PRM.PMAN.2.F,(De Facto) Average score for the extent to which principals master problem-solving in the short-term - Female,NA
SE.PRM.PMAN.2.M,(De Facto) Average score for the extent to which principals master problem-solving in the short-term - Male,NA
SE.PRM.PMAN.2.R,(De Facto) Average score for the extent to which principals master problem-solving in the short-term - Rural,3.571037
SE.PRM.PMAN.2.U,(De Facto) Average score for the extent to which principals master problem-solving in the short-term - Urban,4.281412
SE.PRM.PMAN.3,(De Facto) Average score for the extent to which principals master goal-setting in the long term,3.09814
SE.PRM.PMAN.3.F,(De Facto) Average score for the extent to which principals master goal-setting in the long term - Female,NA
SE.PRM.PMAN.3.M,(De Facto) Average score for the extent to which principals master goal-setting in the long term - Male,NA
SE.PRM.PMAN.3.R,(De Facto) Average score for the extent to which principals master goal-setting in the long term - Rural,3.092889
SE.PRM.PMAN.3.U,(De Facto) Average score for the extent to which principals master goal-setting in the long term - Urban,3.108331
SE.PRM.PROE,Proficiency by Grade 2/3,-999
SE.PRM.PROE.1,"(De Facto) Percent of children proficient in literacy and numeracy by grade 2/3, as reported by UIS",-999
SE.PRM.SATT,Policy Lever (School Management) - Attraction,3.73054
SE.PRM.SATT.1,(De Jure) Do the national policies governing the education system portray the position of principal or head teacher as professionalized and distinct figure within schools?,1
SE.PRM.SATT.2,(De Facto) Average principal salary as percent of GDP per capita,3.736445
SE.PRM.SATT.3,(De Facto) Percent of principals reporting being satisfied or very satisfied with their social status in the community,3.227242
SE.PRM.SATT.DF,(De Facto) Policy Lever (School Management) - Attraction,3.73054
SE.PRM.SATT.DJ,(De Jure) Policy Lever (School Management) - Attraction,5
SE.PRM.SCFN,Policy Lever (School Management) - Clarity of Functions,4.922893
SE.PRM.SCFN.1,(De Facto) Do you know if the policies governing schools assign responsibility for the implementation of the maintenance and expansion of school infrastructure?,96.67234
SE.PRM.SCFN.10,(De Jure) Do the policies governing schools assign the responsibility of student learning assessments?,1
SE.PRM.SCFN.11,(De Facto) Do you know if the policies governing schools assign responsibility for the implementation of principal hiring and assignment?,96.95674
SE.PRM.SCFN.12,(De Jure) Do the policies governing schools assign the responsibility of principal hiring and assignment?,1
SE.PRM.SCFN.13,(De Facto) Do you know if the policies governing schools assign responsibility for the implementation of principal supervision and training?,96.37228
SE.PRM.SCFN.14,(De Jure) Do the policies governing schools assign the responsibility of principal supervision and training?,1
SE.PRM.SCFN.2,(De Jure) Do the policies governing schools assign the responsibility of maintenance and expansion of school infrastructure?,1
SE.PRM.SCFN.3,(De Facto) Do you know if the policies governing schools assign responsibility for the implementation of the procurement of materials?,98.98424
SE.PRM.SCFN.4,(De Jure) Do the policies governing schools assign the responsibility of procurement of materials?,1
SE.PRM.SCFN.5,(De Facto) Do you know if the policies governing schools assign responsibility for the implementation of teacher hiring and assignment?,99.33346
SE.PRM.SCFN.6,(De Jure) Do the policies governing schools assign the responsibility of teacher hiring and assignment?,1
SE.PRM.SCFN.7,"(De Facto) Do you know if the policies governing schools assign responsibility for the implementation of teacher supervision, training, and coaching?",98.65424
SE.PRM.SCFN.8,"(De Jure) Do the policies governing schools assign the responsibility of teacher supervision, training, and coaching?",1
SE.PRM.SCFN.9,(De Facto) Do you know if the policies governing schools assign responsibility for the implementation of student learning assessments?,98.80261
SE.PRM.SCFN.DF,(De Facto) Policy Lever (School Management) - Clarity of Functions,4.922893
SE.PRM.SCFN.DJ,(De Jure) Policy Lever (School Management) - Clarity of Functions,5
SE.PRM.SEVL,Policy Lever (School Management) - Evaluation,3.410942
SE.PRM.SEVL.1,(De Jure) Is there a policy that specifies the need to monitor principal or head teacher performance?,1
SE.PRM.SEVL.2,(De Jure) Is the criteria to evaluate principals clear and includes multiple factors?,2
SE.PRM.SEVL.3,(De Facto) Percent of principals that report having been evaluated  during the last school year,27.80337
SE.PRM.SEVL.4,(De Facto) Percent of principals that report having been evaluated on multiple factors,74.4064
SE.PRM.SEVL.5,(De Facto) Percent of principals that report there would be consequences after two negative evaluations,94.03149
SE.PRM.SEVL.6,(De Facto) Percent of principals that report there would be consequences after two positive evaluations,92.25795
SE.PRM.SEVL.DF,(De Facto) Policy Lever (School Management) - Evaluation,3.410942
SE.PRM.SEVL.DJ,(De Jure) Policy Lever (School Management) - Evaluation,4
SE.PRM.SSLD,Policy Lever (School Management) - Selection & Deployment,4.38959
SE.PRM.SSLD.1,(De Jure) Is there a systematic approach/rubric for the selection of principals?,0
SE.PRM.SSLD.10,(De Facto) Percent of principals that report that the most important factor considered when selecting a principal is years of experience,45.55919
SE.PRM.SSLD.11,(De Facto) Percent of principals that report that the most important factor considered when selecting a principal is quality of teaching,22.44291
SE.PRM.SSLD.12,(De Facto) Percent of principals that report that the most important factor considered when selecting a principal is demonstrated management qualities,20.39146
SE.PRM.SSLD.13,(De Facto) Percent of principals that report that the most important factor considered when selecting a principal is having a good relationship with the owner of the school,3.444959
SE.PRM.SSLD.14,(De Facto) Percent of principals that report that the most important factor considered when selecting a principal is political affiliations,1.039858
SE.PRM.SSLD.15,(De Facto) Percent of principals that report that the most important factor considered when selecting a principal is ethnic group,0.2202662
SE.PRM.SSLD.16,(De Facto) Percent of principals that report that the most important factor considered when selecting a principal is knowledge of the local community,3.168411
SE.PRM.SSLD.2,"(De Jure) How are the principals selected? Based on the requirements, is the selection system meritocratic?",2
SE.PRM.SSLD.3,(De Facto) Percent of principals that report that the factors considered when selecting a principal include years of experience,84.38361
SE.PRM.SSLD.4,(De Facto)  Percent of principals that report that the factors considered when selecting a principal include quality of teaching,82.19852
SE.PRM.SSLD.5,(De Facto) Percent of principals that report that the factors considered when selecting a principal include demonstrated management qualities,83.26872
SE.PRM.SSLD.6,(De Facto) Percent of principals that report that the factors considered when selecting a principal include good relationship with the owner of the school,53.6376
SE.PRM.SSLD.7,(De Facto) Percent of principals that report that the factors considered when selecting a principal include political affiliations,60.23832
SE.PRM.SSLD.8,(De Facto) Percent of principals that report that the factors considered when selecting a principal include ethnic group,-999
SE.PRM.SSLD.9,(De Facto) Percent of principals that report that the factors considered when selecting a principal include knowledge of the local community,55.83129
SE.PRM.SSLD.DF,(De Facto) Policy Lever (School Management) - Selection & Deployment,4.38959
SE.PRM.SSLD.DJ,(De Jure) Policy Lever (School Management) - Selection & Deployment,2.2
SE.PRM.SSUP,Policy Lever (School Management) - Support,3.451674
SE.PRM.SSUP.1,(De Jure) Are principals required to have training on how to manage a school?,0
SE.PRM.SSUP.10,(De Facto) Percent of principals that report having used the skills they gained at the last training they attended,97.05203
SE.PRM.SSUP.11,(De Facto) Average number of trainings that principals report having been offered to them in the past year,4.383866
SE.PRM.SSUP.2,(De Jure) Are principals required to have management training for new principals?,0
SE.PRM.SSUP.3,(De Jure) Are principals required to have in-service training?,1
SE.PRM.SSUP.4,(De Jure) Are principals required to have mentoring/coaching by experienced principals?,0
SE.PRM.SSUP.5,(De Jure) How many times per year do principals have trainings?,1
SE.PRM.SSUP.6,(De Facto) Percent of principals that report ever having received formal training,63.50412
SE.PRM.SSUP.7,(De Facto) Percent of principals that report having received management training for new principals,59.03681
SE.PRM.SSUP.8,(De Facto) Percent of principals that report having received in-service training,78.73232
SE.PRM.SSUP.9,(De Facto) Percent of principals that report having received mentoring/coaching by experienced principals,42.83706
SE.PRM.SSUP.DF,(De Facto) Policy Lever (School Management) - Support,3.451674
SE.PRM.SSUP.DJ,(De Jure) Policy Lever (School Management) - Support,2.666667
SE.PRM.TATT,Policy Lever (Teaching) - Attraction,3.349987
SE.PRM.TATT.1,(De Jure) Average starting public-school teacher salary as percent of GDP per capita,119.0478
SE.PRM.TATT.2,(De Facto) Percent of teachers reporting being satisfied or very satisfied with their social status in the community,73.51893
SE.PRM.TATT.3,(De Facto) Percent of teachers reporting being satisfied or very satisfied with their job as teacher,65.56902
SE.PRM.TATT.4,(De Facto) Percent of teachers reporting having received financial bonuses in addition to their salaries,7.042247
SE.PRM.TATT.5,(De Facto) Percent of teachers reporting that there are incentives (financial or otherwise) for teachers to teach certain subjects/grades and/or in certain areas,0
SE.PRM.TATT.6,(De Facto) Percent of teachers that performance matters for promotions,67.62769
SE.PRM.TATT.7,(De Jure) Is there a well-established career path for teachers?,-999
SE.PRM.TATT.8,(De Facto) Percent of teachers that report salary delays in the past 12 months,240.1241
SE.PRM.TATT.DF,(De Facto) Policy Lever (Teaching) - Attraction,3.349987
SE.PRM.TATT.DJ,(De Jure) Policy Lever (Teaching) - Attraction,5
SE.PRM.TENR,Net Adjusted Enrollment Rate,96.86561
SE.PRM.TENR.1,(De Facto) Percent of primary school age children who are enrolled at primary education,96.86561
SE.PRM.TEVL,Policy Lever (Teaching) - Evaluation,3.545591
SE.PRM.TEVL.1,"(De Jure) Legislation assigns responsibility of evaluating the performance of teachers to a public authority (national, regional, local)",1
SE.PRM.TEVL.2,(De Jure) Legislation assigns responsibility of evaluating the performance of teachers to the schools,1
SE.PRM.TEVL.3,(De Facto) Percent of teachers that report being evaluated in the past 12 months,45.14268
SE.PRM.TEVL.4,(De Jure) The criteria to evaluate teachers is clear,0.6
SE.PRM.TEVL.5,(De Facto) Number of criteria used to evaluate teachers,3.021187
SE.PRM.TEVL.6,(De Facto) Percent of teachers that report there would be consequences after two negative evaluations,81.67819
SE.PRM.TEVL.7,(De Facto) Percent of teachers that report there would be consequences after two positive evaluations,78.19007
SE.PRM.TEVL.8,(De Jure) There are clear consequences for teachers who receive two or more negative evaluations,1
SE.PRM.TEVL.9,(De Jure) There are clear consequences for teachers who receive two or more positive evaluations,1
SE.PRM.TEVL.DF,(De Facto) Policy Lever (Teaching) - Evaluation,3.545591
SE.PRM.TEVL.DJ,(De Jure) Policy Lever (Teaching) - Evaluation,3.8
SE.PRM.TINM,Policy Lever (Teaching) - Intrinsic Motivation,3.61898
SE.PRM.TINM.1,"(De Facto) Percent of teachers that agree or strongly agrees with ""It is acceptable for a teacher to be absent if the assigned curriculum has been completed""",13.61537
SE.PRM.TINM.10,"(De Facto) Percent of teachers that agree or strongly agrees with ""Students can change even their basic intelligence level considerably""",NA
SE.PRM.TINM.11,(De Facto) Percent of teachers who state that intrinsic motivation was the main reason to become teachers,0.9783548
SE.PRM.TINM.12,(De Facto) New teachers are required to undergo a probationary period,NA
SE.PRM.TINM.13,(De Jure) New teachers are required to undergo a probationary period,1
SE.PRM.TINM.2,"(De Facto) Percent of teachers that agree or strongly agrees with ""It is acceptable for a teacher to be absent if students are left with work to do""",36.68672
SE.PRM.TINM.3,"(De Facto) Percent of teachers that agree or strongly agrees with ""It is acceptable for a teacher to be absent if the teacher is doing something useful for the community""",44.36138
SE.PRM.TINM.4,"(De Facto) Percent of teachers that agree or strongly agrees with ""Students deserve more attention if they attend school regularly""",48.3107
SE.PRM.TINM.5,"(De Facto) Percent of teachers that agree or strongly agrees with ""Students deserve more attention if they come to school with materials""",34.08199
SE.PRM.TINM.6,"(De Facto) Percent of teachers that agree or strongly agrees with ""Students deserve more attention if they are motivated to learn""",36.04974
SE.PRM.TINM.7,"(De Facto) Percent of teachers that agree or strongly agrees with ""Students have a certain amount of intelligence and they really can’t do much to change it""",NA
SE.PRM.TINM.8,"(De Facto) Percent of teachers that agree or strongly agrees with ""To be honest, students can’t really change how intelligent they are""",NA
SE.PRM.TINM.9,"(De Facto) Percent of teachers that agree or strongly agrees with ""Students can always substantially change how intelligent they are""",NA
SE.PRM.TINM.DF,(De Facto) Policy Lever (Teaching) - Intrinsic Motivation,3.61898
SE.PRM.TINM.DJ,(De Jure) Policy Lever (Teaching) - Intrinsic Motivation,5
SE.PRM.TMNA,Policy Lever (Teaching) - Monitoring & Accountability,2.462822
SE.PRM.TMNA.1,(De Jure) Information on teacher presence/absenteeism is being collected on a regular basis,1
SE.PRM.TMNA.2,(De Jure) Teachers receive monetary compensation for being present,0
SE.PRM.TMNA.3,(De Facto) Teacher report receiving monetary compensation (aside from salary) for being present,2.523337
SE.PRM.TMNA.4,(De Facto) Percent of teachers that report having been absent because of administrative processes,42.8724
SE.PRM.TMNA.5,(De Facto) Percent of teachers that report that there would be consequences for being absent 40% of the time,59.84698
SE.PRM.TMNA.DF,(De Facto) Policy Lever (Teaching) - Monitoring & Accountability,2.462822
SE.PRM.TMNA.DJ,(De Jure) Policy Lever (Teaching) - Monitoring & Accountability,3
SE.PRM.TSDP,Policy Lever (Teaching) - Selection & Deployment,3.237679
SE.PRM.TSDP.1,(De Jure) Requirements to enter into initial education programs,4
SE.PRM.TSDP.2,(De Facto) Average quality of applicants accepted into initial education programs,-999
SE.PRM.TSDP.3,(De Jure) Requirements to become a primary school teacher,4
SE.PRM.TSDP.4,(De Facto) Requirements to become a primary school teacher,1.526578
SE.PRM.TSDP.5,(De Jure) Requirements to fulfill a transfer request,1
SE.PRM.TSDP.6,(De Facto) Requirements to fulfill a transfer request,0.7111004
SE.PRM.TSDP.7,(De Jure) Selectivity of teacher hiring process,-999
SE.PRM.TSDP.DF,(De Facto) Policy Lever (Teaching) - Selection & Deployment,3.237679
SE.PRM.TSDP.DJ,(De Jure) Policy Lever (Teaching) - Selection & Deployment,3
SE.PRM.TSUP,Policy Lever (Teaching) - Support,3.004964
SE.PRM.TSUP.1,(De Jure) Practicum required as part of pre-service training,1
SE.PRM.TSUP.2,(De Facto) Percent reporting they completed a practicum as part of pre-service training,160.3917
SE.PRM.TSUP.3,(De Facto) Percent of teachers reporting that they participated in an induction and/or mentorship program,43.9533
SE.PRM.TSUP.4,(De Jure) Participation in professional development has professional implications for teachers,0
SE.PRM.TSUP.5,(De Facto) Percent of teachers reporting having attended in-service trainings in the past 12 months,35.97349
SE.PRM.TSUP.6,(De Facto) Average length of the trainings attended,6.397402
SE.PRM.TSUP.7,(De Facto) Average span of time (in weeks) of those trainings,1.961291
SE.PRM.TSUP.8,(De Facto) Average percent of time spent inside the classrooms during the trainings,76.53576
SE.PRM.TSUP.9,(De Facto) Percent of teachers that report having opportunities to come together with other teachers to discuss ways of improving teaching,94.48037
SE.PRM.TSUP.DF,(De Facto) Policy Lever (Teaching) - Support,3.004964
SE.PRM.TSUP.DJ,(De Jure) Policy Lever (Teaching) - Support,3
